method,reward_mean,reward_std,feasible_mean,latency_mean,ppl_mean,runtime_mean
hybrid_heuristic,-0.269522714436964,0.0820578325670083,1.0,2.600996639114966,31.550828467135457,0.01080192558545908
beam_search,-0.2738020517581579,0.08704721794248271,1.0,2.635151150353915,31.61740098959388,0.01080192558545908
autoreg_rl_pure,-0.28084895142851196,0.0887127962111889,1.0,2.7128331874665914,31.56181608777092,0.023904515632239054
simulated_annealing,-0.34477806194606164,0.13384754032958568,1.0,3.1465092012236924,33.14632054380243,0.01080192558545908
local_search,-0.3451727815884898,0.1337504594260262,1.0,3.1503362350136186,33.147246537260756,0.01080192558545908
pdp_aware_greedy,-0.35701249331724444,0.1448142012015055,1.0,3.2462022035710234,33.3208753566054,0.01080192558545908
latency_greedy,-4.895184996377237,19.886922557901702,0.9583333333333334,8.355802965905808,43.47837570810134,0.01080192558545908
block_balanced,-10.417072960231499,28.891748764779813,0.90625,12.662116138091635,48.63163971377947,0.01080192558545908
random,-100.0,0.0,0.0,110.8475187062722,108.72506879681937,0.01080192558545908
