sweep,value,label,method,states,reward_mean,feasible_mean,latency_mean,ppl_mean,energy_mean,max_energy_ratio_mean,runtime_mean
bandwidth_mhz,0.75,0.75,autoreg_rl_pure,24,-0.5159296331624658,1.0,4.644978994291313,34.773762252651856,1242.3588082831895,0.27061071083325633,0.24550956665189005
bandwidth_mhz,0.75,0.75,block_beam_strong,24,-0.5495048474871614,1.0,4.966611222817695,34.882527880061424,1329.8246165627663,0.29110425661698436,0.4107433791699198
bandwidth_mhz,0.75,0.75,block_lns_strong,24,-0.5190551953136423,1.0,4.665350822684162,34.85760005270953,1246.969353928291,0.2716138477778035,0.08248994164750911
bandwidth_mhz,0.75,0.75,hybrid_heuristic,24,-0.5190551953136423,1.0,4.665350822684162,34.85760005270953,1246.969353928291,0.2716138477778035,0.01513834999059327
bandwidth_mhz,1.0,1,autoreg_rl_pure,24,-0.4244509655994048,1.0,3.7301923186607033,34.773762252651856,998.4266420068453,0.2175402987270246,0.17369420415100953
bandwidth_mhz,1.0,1,block_beam_strong,24,-0.4501848449151476,1.0,3.9734107266015783,34.88253150428943,1064.6504707339202,0.23303997011638486,0.40479395413422026
bandwidth_mhz,1.0,1,block_lns_strong,24,-0.42738120203913715,1.0,3.7486104194445,34.857603676927,1002.8254263452718,0.2184859020278784,0.08087672916978288
bandwidth_mhz,1.0,1,hybrid_heuristic,24,-0.42738120203913715,1.0,3.7486104194445,34.857603676927,1002.8254263452718,0.2184859020278784,0.015020304184872657
bandwidth_mhz,1.5,1.5,autoreg_rl_pure,24,-0.33293451970453125,1.0,2.815027859711968,34.773762252651856,754.3882829680455,0.16444814981939435,0.14300280002256235
bandwidth_mhz,1.5,1.5,block_beam_strong,24,-0.3508211535219426,1.0,2.979752144263204,34.88269841590721,799.3507387985173,0.1749753578700456,0.41721391665244784
bandwidth_mhz,1.5,1.5,block_lns_strong,24,-0.33582395189693015,1.0,2.8330162496161067,34.85777058854476,759.0225312359806,0.16544737588144473,0.08297726668145818
bandwidth_mhz,1.5,1.5,hybrid_heuristic,24,-0.33582395189693015,1.0,2.8330162496161067,34.85777058854476,759.0225312359806,0.16544737588144473,0.01558318332536146
bandwidth_mhz,2.0,2,autoreg_rl_pure,24,-0.2871235702361541,1.0,2.356935201281211,34.77363256308513,632.2363921063758,0.13787634682272795,0.1349308958548742
bandwidth_mhz,2.0,2,block_beam_strong,24,-0.30096894214737485,1.0,2.4913586316294696,34.80467785583139,669.1119166144264,0.1464450717901943,0.4149808541502959
bandwidth_mhz,2.0,2,block_lns_strong,24,-0.2897752702291528,1.0,2.3826580151283694,34.77975017422431,639.2693155214391,0.13937520299524703,0.08504852082114667
bandwidth_mhz,2.0,2,hybrid_heuristic,24,-0.2897752702291528,1.0,2.3826580151283694,34.77975017422431,639.2693155214391,0.13937520299524703,0.01682052918476984
bandwidth_mhz,3.0,3,autoreg_rl_pure,24,-0.2412564732859422,1.0,1.9067362564588268,34.70837260238735,512.2025302918653,0.11165168950658722,0.12241060000572664
bandwidth_mhz,3.0,3,block_beam_strong,24,-0.2504457946371717,1.0,1.9863343504327062,34.803081842289686,534.1720684487303,0.1169247595560896,0.40919429165660404
bandwidth_mhz,3.0,3,block_lns_strong,24,-0.24283207558633288,1.0,1.9137580615697176,34.77565223600167,514.2308215762736,0.11220991784728994,0.08445997916472454
bandwidth_mhz,3.0,3,hybrid_heuristic,24,-0.24283207558633288,1.0,1.9137580615697176,34.77565223600167,514.2308215762736,0.11220991784728994,0.015683179158562172
bandwidth_mhz,4.0,4,autoreg_rl_pure,24,-0.21824148074600924,1.0,1.6857833333765184,34.63752814283544,453.4806553023491,0.09888339547745635,0.12231313746694165
bandwidth_mhz,4.0,4,block_beam_strong,24,-0.2255117317269255,1.0,1.7369937213302442,34.803081842289686,467.57869175981364,0.10235866820468621,0.40838881668363075
bandwidth_mhz,4.0,4,block_lns_strong,24,-0.21942641324148163,1.0,1.6797014381212032,34.77565223600169,451.8384833642517,0.09865869776769144,0.07974495001447697
bandwidth_mhz,4.0,4,hybrid_heuristic,24,-0.21942641324148163,1.0,1.6797014381212032,34.77565223600169,451.8384833642517,0.09865869776769144,0.015335933305323124
energy_scale,0.7,0.7,autoreg_rl_pure,24,-0.2871235702361541,1.0,2.356935201281211,34.77363256308513,632.2363921063758,0.19696620974675416,0.12720116666362932
energy_scale,0.7,0.7,block_beam_strong,24,-0.30096894214737485,1.0,2.4913586316294696,34.80467785583139,669.1119166144264,0.20920724541456334,0.40760555418091826
energy_scale,0.7,0.7,block_lns_strong,24,-0.2897752702291528,1.0,2.3826580151283694,34.77975017422431,639.2693155214391,0.19910743285035284,0.08598618333538373
energy_scale,0.7,0.7,hybrid_heuristic,24,-0.2897752702291528,1.0,2.3826580151283694,34.77975017422431,639.2693155214391,0.19910743285035284,0.015055008319905028
energy_scale,0.85,0.85,autoreg_rl_pure,24,-0.2871235702361541,1.0,2.356935201281211,34.77363256308513,632.2363921063758,0.16220746685026818,0.13255197498559332
energy_scale,0.85,0.85,block_beam_strong,24,-0.30096894214737485,1.0,2.4913586316294696,34.80467785583139,669.1119166144264,0.1722883197531698,0.4146223916807988
energy_scale,0.85,0.85,block_lns_strong,24,-0.2897752702291528,1.0,2.3826580151283694,34.77975017422431,639.2693155214391,0.16397082705323177,0.08721280001918785
energy_scale,0.85,0.85,hybrid_heuristic,24,-0.2897752702291528,1.0,2.3826580151283694,34.77975017422431,639.2693155214391,0.16397082705323177,0.015341312508098781
energy_scale,1.0,1,autoreg_rl_pure,24,-0.2871235702361541,1.0,2.356935201281211,34.77363256308513,632.2363921063758,0.13787634682272795,0.1290216833682886
energy_scale,1.0,1,block_beam_strong,24,-0.30096894214737485,1.0,2.4913586316294696,34.80467785583139,669.1119166144264,0.1464450717901943,0.4148426916896521
energy_scale,1.0,1,block_lns_strong,24,-0.2897752702291528,1.0,2.3826580151283694,34.77975017422431,639.2693155214391,0.13937520299524703,0.08672017499338835
energy_scale,1.0,1,hybrid_heuristic,24,-0.2897752702291528,1.0,2.3826580151283694,34.77975017422431,639.2693155214391,0.13937520299524703,0.01596679166929486
energy_scale,1.15,1.15,autoreg_rl_pure,24,-0.28718431365115715,1.0,2.3639104504181674,34.72458131837245,634.0974025881619,0.12015538413355355,0.1345079624928379
energy_scale,1.15,1.15,block_beam_strong,24,-0.30096894214737485,1.0,2.4913586316294696,34.80467785583139,669.1119166144264,0.1273435406871255,0.4129175125272013
energy_scale,1.15,1.15,block_lns_strong,24,-0.2897752702291528,1.0,2.3826580151283694,34.77975017422431,639.2693155214391,0.12119582869151917,0.0883030749973841
energy_scale,1.15,1.15,hybrid_heuristic,24,-0.2897752702291528,1.0,2.3826580151283694,34.77975017422431,639.2693155214391,0.12119582869151917,0.016619437548797578
energy_scale,1.3,1.3,autoreg_rl_pure,24,-0.28718431365115715,1.0,2.3639104504181674,34.72458131837245,634.0974025881619,0.10629130134891275,0.14035502497184402
energy_scale,1.3,1.3,block_beam_strong,24,-0.30096894214737485,1.0,2.4913586316294696,34.80467785583139,669.1119166144264,0.11265005522322641,0.40709129166983377
energy_scale,1.3,1.3,block_lns_strong,24,-0.2897752702291528,1.0,2.3826580151283694,34.77975017422431,639.2693155214391,0.10721169461172848,0.0816558916606785
energy_scale,1.3,1.3,hybrid_heuristic,24,-0.2897752702291528,1.0,2.3826580151283694,34.77975017422431,639.2693155214391,0.10721169461172848,0.015459591678033272
area_m,500.0,500,autoreg_rl_pure,24,-0.19831818667736348,1.0,1.9830568547643557,30.812941526761236,532.4931779647995,0.11614798094631273,0.06583558332446653
area_m,500.0,500,block_beam_strong,24,-0.2007379739684474,1.0,2.0072388517453477,30.813063818963755,538.9901501643421,0.11764758554635328,0.3794949083433797
area_m,500.0,500,block_lns_strong,24,-0.1991367438724286,1.0,1.9912265554468078,30.813063783055103,534.7911248069461,0.11676707182760089,0.07629461665055715
area_m,500.0,500,hybrid_heuristic,24,-0.1991367438724286,1.0,1.9912265554468078,30.813063783055103,534.7911248069461,0.11676707182760089,0.014364395824183399
area_m,750.0,750,autoreg_rl_pure,24,-0.21966993332452792,1.0,2.1601318102700735,31.09365799339922,579.7062772571518,0.1263704292697072,0.07978461664364052
area_m,750.0,750,block_beam_strong,24,-0.22594894314165645,1.0,2.2076367391109186,31.211399570822802,592.2582054089115,0.12918134770564518,0.3941995583300013
area_m,750.0,750,block_lns_strong,24,-0.22216071588477004,1.0,2.169786635417807,31.211151774145304,582.5486278040474,0.12702579900221914,0.07896270417647126
area_m,750.0,750,hybrid_heuristic,24,-0.22216071588477004,1.0,2.169786635417807,31.211151774145304,582.5486278040474,0.12702579900221914,0.014807504165219143
area_m,1000.0,1000,autoreg_rl_pure,24,-0.2871235702361541,1.0,2.356935201281211,34.77363256308513,632.2363921063758,0.13787634682272795,0.1206605124946994
area_m,1000.0,1000,block_beam_strong,24,-0.30096894214737485,1.0,2.4913586316294696,34.80467785583139,669.1119166144264,0.1464450717901943,0.3995761291589588
area_m,1000.0,1000,block_lns_strong,24,-0.2897752702291528,1.0,2.3826580151283694,34.77975017422431,639.2693155214391,0.13937520299524703,0.07683040833217092
area_m,1000.0,1000,hybrid_heuristic,24,-0.2897752702291528,1.0,2.3826580151283694,34.77975017422431,639.2693155214391,0.13937520299524703,0.014221766682264084
area_m,1250.0,1250,autoreg_rl_pure,24,-0.6130574036885653,1.0,2.6138328499450827,57.90141707312731,700.6181351346431,0.1526029166723374,0.1982975083422692
area_m,1250.0,1250,block_beam_strong,24,-0.649251623995056,1.0,2.77464200222054,59.45074388528145,744.8306181678445,0.16304811898998964,0.39535395414956537
area_m,1250.0,1250,block_lns_strong,24,-0.6377405855927046,1.0,2.7082206068306234,59.075692866810755,727.467229369846,0.1591505041346908,0.07907064170770657
area_m,1250.0,1250,hybrid_heuristic,24,-0.6377405855927046,1.0,2.7082206068306234,59.075692866810755,727.467229369846,0.1591505041346908,0.01487663749139756
area_m,1500.0,1500,autoreg_rl_pure,24,-1.413123060566751,1.0,3.03897678014796,116.25555032320919,810.5736991994927,0.17640558138519533,0.2372999666549731
area_m,1500.0,1500,block_beam_strong,24,-2.176523230757948,1.0,3.175302507705455,174.01010816597568,845.8726971015709,0.18529371127422012,0.38613542084931396
area_m,1500.0,1500,block_lns_strong,24,-2.116825693300068,1.0,3.1132101330568034,169.88990728449684,829.717459331618,0.1815314096265318,0.08571557499817573
area_m,1500.0,1500,hybrid_heuristic,24,-2.116825693300068,1.0,3.1132101330568034,169.88990728449684,829.717459331618,0.1815314096265318,0.015507825009990484
sequence_length,64.0,64,autoreg_rl_pure,24,-0.16884822367968555,1.0,1.1865259392317233,34.67854522957273,318.2343644447205,0.0693327319178925,0.1194286458582307
sequence_length,64.0,64,block_beam_strong,24,-0.17640101056590138,1.0,1.2456793158147348,34.80467785583139,334.5559583072132,0.07322253589509715,0.40026596664877917
sequence_length,64.0,64,block_lns_strong,24,-0.17064236947273434,1.0,1.1913290075641845,34.77975017422431,319.63465776071956,0.06968760149762351,0.08041449165709007
sequence_length,64.0,64,hybrid_heuristic,24,-0.17064236947273434,1.0,1.1913290075641845,34.77975017422431,319.63465776071956,0.06968760149762351,0.015439379174495116
sequence_length,96.0,96,autoreg_rl_pure,24,-0.22803948647770753,1.0,1.7745663883764802,34.70837260238735,476.00813675851197,0.10371539092559419,0.12353519999305718
sequence_length,96.0,96,block_beam_strong,24,-0.23868497635663802,1.0,1.868518973722102,34.80467785583139,501.83393746081975,0.10983380384264574,0.4005810500239022
sequence_length,96.0,96,block_lns_strong,24,-0.23020881985094355,1.0,1.786993511346277,34.77975017422431,479.45198664107926,0.10453140224643526,0.0813608707782502
sequence_length,96.0,96,hybrid_heuristic,24,-0.23020881985094355,1.0,1.786993511346277,34.77975017422431,479.45198664107926,0.10453140224643526,0.015199970861431211
sequence_length,128.0,128,autoreg_rl_pure,24,-0.2871235702361541,1.0,2.356935201281211,34.77363256308513,632.2363921063758,0.13787634682272795,0.13193481249618344
sequence_length,128.0,128,block_beam_strong,24,-0.30096894214737485,1.0,2.4913586316294696,34.80467785583139,669.1119166144264,0.1464450717901943,0.40128967498700757
sequence_length,128.0,128,block_lns_strong,24,-0.2897752702291528,1.0,2.3826580151283694,34.77975017422431,639.2693155214391,0.13937520299524703,0.08935573333292268
sequence_length,128.0,128,hybrid_heuristic,24,-0.2897752702291528,1.0,2.3826580151283694,34.77975017422431,639.2693155214391,0.13937520299524703,0.01684983332719033
sequence_length,160.0,160,autoreg_rl_pure,24,-0.34604695026818444,1.0,2.9461690016015134,34.77363256308513,790.2954901329698,0.17234543352840995,0.13467538333497941
sequence_length,160.0,160,block_beam_strong,24,-0.3631808901117764,1.0,3.103349510161543,34.88269841590721,833.2928115286871,0.18241108594161595,0.4163800749908357
sequence_length,160.0,160,block_lns_strong,24,-0.3489987275973238,1.0,2.9647640066200425,34.85777058854476,795.2159322705551,0.17341350746907436,0.08418402918808472
sequence_length,160.0,160,hybrid_heuristic,24,-0.3489987275973238,1.0,2.9647640066200425,34.85777058854476,795.2159322705551,0.17341350746907436,0.016533570839480188
sequence_length,192.0,192,autoreg_rl_pure,24,-0.4049703303002146,1.0,3.5354028019218156,34.77363256308513,948.3545881595637,0.20681452023409186,0.1386089583490199
sequence_length,192.0,192,block_beam_strong,24,-0.42524788031500727,1.0,3.724019412193851,34.88269841590721,999.9513738344243,0.21889330312993913,0.38025255413958803
sequence_length,192.0,192,block_lns_strong,24,-0.40829400772972463,1.0,3.5577168079440518,34.85777058854476,954.2591187246661,0.2080962089628892,0.07645765417449486
sequence_length,192.0,192,hybrid_heuristic,24,-0.40829400772972463,1.0,3.5577168079440518,34.85777058854476,954.2591187246661,0.2080962089628892,0.014169354166369885
snr_threshold,5.0,5,autoreg_rl_pure,24,-0.23527027141094922,1.0,2.3272620089915352,31.00794817508479,624.2359697940294,0.13605077022552575,0.08015071666644265
snr_threshold,5.0,5,block_beam_strong,24,-0.24270345187689055,1.0,2.391266094670296,31.08750253903598,641.167349559165,0.13979879027168904,0.38091847084191005
snr_threshold,5.0,5,block_lns_strong,24,-0.2381666011517658,1.0,2.346027303997872,31.086503332924583,629.5201607676662,0.13721435086638958,0.07753362498867016
snr_threshold,5.0,5,hybrid_heuristic,24,-0.2381666011517658,1.0,2.346027303997872,31.086503332924583,629.5201607676662,0.13721435086638958,0.01455992498085834
snr_threshold,8.0,8,autoreg_rl_pure,24,-0.25465945502953796,1.0,2.3426654879655184,32.382843033987086,628.4279494556373,0.13704201278968395,0.10824578336905688
snr_threshold,8.0,8,block_beam_strong,24,-0.26716337922415234,1.0,2.4622543397126067,32.42482736047622,661.2281301882886,0.14469588521505672,0.39067902916576713
snr_threshold,8.0,8,block_lns_strong,24,-0.25611823323324084,1.0,2.3525438045873357,32.419120020837646,631.0887751644333,0.13757585874581746,0.07727400416236681
snr_threshold,8.0,8,hybrid_heuristic,24,-0.25611823323324084,1.0,2.3525438045873357,32.419120020837646,631.0887751644333,0.13757585874581746,0.014705058361869305
snr_threshold,10.0,10,autoreg_rl_pure,24,-0.2871235702361541,1.0,2.356935201281211,34.77363256308513,632.2363921063758,0.13787634682272795,0.11716617500254263
snr_threshold,10.0,10,block_beam_strong,24,-0.30096894214737485,1.0,2.4913586316294696,34.80467785583139,669.1119166144264,0.1464450717901943,0.37938450832734816
snr_threshold,10.0,10,block_lns_strong,24,-0.2897752702291528,1.0,2.3826580151283694,34.77975017422431,639.2693155214391,0.13937520299524703,0.07658617082051933
snr_threshold,10.0,10,hybrid_heuristic,24,-0.2897752702291528,1.0,2.3826580151283694,34.77975017422431,639.2693155214391,0.13937520299524703,0.014761579193873331
snr_threshold,12.0,12,autoreg_rl_pure,24,-0.344245608661298,1.0,2.3909833841003194,38.91146715146514,641.2369354893768,0.13970311248351194,0.1408041541581042
snr_threshold,12.0,12,block_beam_strong,24,-0.3611211322200712,1.0,2.5142006769872363,39.262245680005286,675.1230101919399,0.14776126566511477,0.4212865583443393
snr_threshold,12.0,12,block_lns_strong,24,-0.3488280865346886,1.0,2.4020096545484266,39.17951987426998,644.4131883803994,0.14049375484678706,0.08536273749389996
snr_threshold,12.0,12,hybrid_heuristic,24,-0.3488280865346886,1.0,2.4020096545484266,39.17951987426998,644.4131883803994,0.14049375484678706,0.014701820822665468
snr_threshold,16.0,16,autoreg_rl_pure,24,-0.5809204744471468,1.0,2.4298677304369756,56.84299346572078,651.5869874870772,0.14195377392613334,0.16895110000041313
snr_threshold,16.0,16,block_beam_strong,24,-0.6139047528737641,1.0,2.5688960523311493,58.312836246603126,689.8579437659765,0.15101896496683254,0.39208579166249063
snr_threshold,16.0,16,block_lns_strong,24,-0.6033090273620235,1.0,2.5093291543103975,57.95549157454081,674.2696103588793,0.1475218338095172,0.07909304997883737
snr_threshold,16.0,16,hybrid_heuristic,24,-0.6033090273620235,1.0,2.5093291543103975,57.95549157454081,674.2696103588793,0.1475218338095172,0.014986416693621626
latency_ref_s,3.0,3,autoreg_rl_pure,24,-0.5228170903642751,1.0,2.356935201281211,34.77363256308513,632.2363921063758,0.13787634682272795,0.11282230414023313
latency_ref_s,3.0,3,block_beam_strong,24,-0.5493628594665863,1.0,2.4811992546191632,34.904041060568765,666.2976098780681,0.14580436127441815,0.36951937914515537
latency_ref_s,3.0,3,block_lns_strong,24,-0.5268418461938378,1.0,2.3702122331455358,34.87911347833716,635.8091790573895,0.138594998040061,0.0736833750270307
latency_ref_s,3.0,3,hybrid_heuristic,24,-0.5268418461938378,1.0,2.3702122331455358,34.87911347833716,635.8091790573895,0.138594998040061,0.01347229169914499
latency_ref_s,4.5,4.5,autoreg_rl_pure,24,-0.36568807694552774,1.0,2.356935201281211,34.77363256308513,632.2363921063758,0.13787634682272795,0.11235887914275129
latency_ref_s,4.5,4.5,block_beam_strong,24,-0.3838698868461867,1.0,2.482679608129234,34.88269841590721,666.6342492229496,0.14592886875329275,0.36909689581564936
latency_ref_s,4.5,4.5,block_lns_strong,24,-0.36876382097479077,1.0,2.3718112052960345,34.85777058854476,636.172745816444,0.13873080597525947,0.07136068752151914
latency_ref_s,4.5,4.5,hybrid_heuristic,24,-0.36876382097479077,1.0,2.3718112052960345,34.85777058854476,636.172745816444,0.13873080597525947,0.013449545833282173
latency_ref_s,6.0,6,autoreg_rl_pure,24,-0.2871235702361541,1.0,2.356935201281211,34.77363256308513,632.2363921063758,0.13787634682272795,0.11625066668299648
latency_ref_s,6.0,6,block_beam_strong,24,-0.30096894214737485,1.0,2.4913586316294696,34.80467785583139,669.1119166144264,0.1464450717901943,0.36899062078252126
latency_ref_s,6.0,6,block_lns_strong,24,-0.2897752702291528,1.0,2.3826580151283694,34.77975017422431,639.2693155214391,0.13937520299524703,0.07753255833328392
latency_ref_s,6.0,6,hybrid_heuristic,24,-0.2897752702291528,1.0,2.3826580151283694,34.77975017422431,639.2693155214391,0.13937520299524703,0.015149012489321953
latency_ref_s,7.5,7.5,autoreg_rl_pure,24,-0.23986992906688406,1.0,2.366088517835307,34.70837260238735,634.677515678016,0.13828718790079228,0.12180569577806939
latency_ref_s,7.5,7.5,block_beam_strong,24,-0.25114176951478545,1.0,2.4913586316294696,34.80467785583139,669.1119166144264,0.1464450717901943,0.38717173332891736
latency_ref_s,7.5,7.5,block_lns_strong,24,-0.24212210992658542,1.0,2.3826580151283694,34.77975017422431,639.2693155214391,0.13937520299524703,0.07928244165183666
latency_ref_s,7.5,7.5,hybrid_heuristic,24,-0.24212210992658542,1.0,2.3826580151283694,34.77975017422431,639.2693155214391,0.13937520299524703,0.015036029178493967
latency_ref_s,9.0,9,autoreg_rl_pure,24,-0.2083220821624133,1.0,2.366088517835307,34.70837260238735,634.677515678016,0.13828718790079228,0.11411194166673037
latency_ref_s,9.0,9,block_beam_strong,24,-0.2179236544263925,1.0,2.4913586316294696,34.80467785583139,669.1119166144264,0.1464450717901943,0.3689350583396542
latency_ref_s,9.0,9,block_lns_strong,24,-0.2103533363915405,1.0,2.3826580151283694,34.77975017422431,639.2693155214391,0.13937520299524703,0.07246435421014515
latency_ref_s,9.0,9,hybrid_heuristic,24,-0.2103533363915405,1.0,2.3826580151283694,34.77975017422431,639.2693155214391,0.13937520299524703,0.013608220838553583
