episode,reward,cost,feasible,latency_s,ppl_hat,candidate_reward,candidate_feasible,temperature,entropy_coef,policy_loss,loss,replay_loss,buffer
1,-0.20845619184812153,0.20845619184812153,1.0,2.059228070217143,31.019899247620415,-0.28122909984460764,1.0,1.2,0.02,-1.8929216861724854,-1.9229966402053833,0.06139565631747246,1580
2,-0.20151014697123532,0.20151014697123532,1.0,2.004194513559889,30.908723192011664,-0.2839806840062986,1.0,1.195065116766306,0.019846572457665104,-1.0585193634033203,-1.100060224533081,0.06959997862577438,1660
3,-0.18655824310160649,0.18655824310160649,1.0,1.8456882149432294,30.977980527614356,-0.2519259497984418,1.0,1.1901505277597204,0.01969432191586755,-1.9261449575424194,-1.958018183708191,0.09048278629779816,1740
4,-0.17069175029748268,0.17069175029748268,1.0,1.6955897562937516,30.91196587455525,-0.2506044472393306,1.0,1.1852561495222094,0.019543239345392354,-0.7241162061691284,-0.7556406259536743,0.09468663483858109,1820
5,-0.19899466339514826,0.19899466339514826,1.0,1.9471396378862256,31.15455026161401,-0.2675104771420433,1.0,1.1803818989389512,0.01939331578629104,-1.3644604682922363,-1.3917982578277588,0.1086864173412323,1900
6,-0.23090621411509465,0.23090621411509465,1.0,2.260106251320768,31.201934670525695,-0.3736338593157498,1.0,1.1755276932369265,0.019244542347350277,-0.4057077169418335,-0.4461008310317993,0.16066496074199677,1980
7,-0.25524279901485564,0.25524279901485564,1.0,2.4053538307138576,31.958050548664755,-0.5132081834429117,1.0,1.1706934499835115,0.019096910205564584,-0.38311487436294556,-0.4256277084350586,0.1608613282442093,2060
8,-0.19144552168903933,0.19144552168903933,1.0,1.810143675809292,31.62851462372152,-0.2385357788298775,1.0,1.165879087085079,0.018950410605613085,-1.2241084575653076,-1.2564879655838013,0.18708650767803192,2140
9,-0.21638693231857464,0.21638693231857464,1.0,2.0860961070780575,31.42400583068541,-0.35934789002617784,1.0,1.1610845227856037,0.018805034859340264,-0.1013268232345581,-0.12521159648895264,0.17698624730110168,2220
10,-0.23479491377586167,0.23479491377586167,1.0,2.230584586937535,31.72910331084048,-0.4313662964937351,1.0,1.1563096756652735,0.01866077434524073,0.054770369082689285,0.022322453558444977,0.18947656452655792,2300
11,-0.20843986926177357,0.20843986926177357,1.0,2.046176989755379,31.11921522145676,-0.3021089509657332,1.0,1.151554464639108,0.018517620507947908,-1.4669313430786133,-1.5016913414001465,0.29804736375808716,2380
12,-0.21431211327955843,0.21431211327955843,1.0,2.0453466823806967,31.578138704236984,-0.37938095461029364,1.0,1.1468188089555806,0.01837556485772667,-0.34115612506866455,-0.37934941053390503,0.24369275569915771,2460
13,-0.2049842923673775,0.2049842923673775,1.0,2.0138705717008127,31.10188134541275,-0.31559865016272165,1.0,1.1421026281952473,0.01823459896996984,-0.3718441128730774,-0.39727920293807983,0.3028559386730194,2540
14,-0.30801824850744486,0.30801824850744486,1.0,2.804855261510407,32.946390218728766,-0.5448422735625251,1.0,1.137405842269382,0.018094714484698595,-0.7513249516487122,-0.7722631692886353,0.26241225004196167,2620
15,-0.19481087945378642,0.19481087945378642,1.0,1.888688387438836,31.282575999565942,-0.31796234604353935,1.0,1.1327283714186147,0.017955903106066644,-1.0828191041946411,-1.1064765453338623,0.2665017247200012,2700
16,-0.2173250764919868,0.2173250764919868,1.0,2.089891384067094,31.46705375518188,-0.3652556483864219,1.0,1.1280701362115788,0.017818156601868276,-0.8426772952079773,-0.8687188029289246,0.24287264049053192,2780
17,-0.22749195664822086,0.22749195664822086,1.0,2.0867110296717106,32.27503897494427,-0.35106846822032195,1.0,1.1234310575435609,0.017681466803050126,-0.619051456451416,-0.6524055004119873,0.24446527659893036,2860
18,-0.20825006402779758,0.20825006402779758,1.0,2.0416018069039623,31.139845639174816,-0.3659417178868365,1.0,1.1188110566351586,0.01754582560322672,-1.1905772686004639,-1.2238448858261108,0.21461106836795807,2940
19,-0.22093174551370262,0.22093174551370262,1.0,2.1361057637943413,31.38885395410579,-0.3147271839970252,1.0,1.1142100550309417,0.01741122495819973,-1.9744876623153687,-2.0230863094329834,0.23372556269168854,3020
20,-0.24749163462104223,0.24749163462104223,1.0,2.422559248591308,31.22814494945163,-0.3896903808989111,1.0,1.1096279745981206,0.017277656885480896,-1.4276416301727295,-1.4649243354797363,0.2144397497177124,3100
21,-0.2213384303906574,0.2213384303906574,1.0,2.1419589821044456,31.375087890157836,-0.34575585989719315,1.0,1.105064737525219,0.01714511346381865,-1.5660076141357422,-1.6125082969665527,0.1717883199453354,3180
22,-0.20632296056148391,0.20632296056148391,1.0,2.005712409068763,31.26790953913682,-0.3910585856048987,1.0,1.1005202663207525,0.017013586832728314,-2.4219343662261963,-2.46755051612854,0.17527872323989868,3260
23,-0.19585760819414277,0.19585760819414277,1.0,1.882987687910925,31.40716922451484,-0.38330342517366556,1.0,1.0959944838119136,0.01688306919202597,-1.146682858467102,-1.198133945465088,0.17797322571277618,3340
24,-0.18780315112981,0.18780315112981,1.0,1.8423587431492854,31.09957270210723,-0.35673715393274535,1.0,1.0914873131432599,0.01675355280136584,-1.5924310684204102,-1.6440207958221436,0.16256754100322723,3420
25,-0.21663844060874599,0.21663844060874599,1.0,2.0763151414153205,31.51876124774916,-0.38963980006021826,1.0,1.0869986777754097,0.016625029979781263,-2.23040771484375,-2.2868034839630127,0.17577816545963287,3500
26,-0.19228187185380385,0.19228187185380385,1.0,1.8783007973082697,31.167734938518826,-0.2918586429584815,1.0,1.0825285014837418,0.016497493105229168,-3.10149884223938,-3.1412713527679443,0.163532093167305,3580
27,-0.21910800024722193,0.21910800024722193,1.0,2.0952089316478695,31.56347094117581,-0.4874870137277172,0.9814453125,1.078076708357102,0.016370934614138057,-1.0828971862792969,-1.1263484954833984,0.18786141276359558,3660
28,-0.20756495380554063,0.20756495380554063,1.0,2.0240082744066847,31.222628612552224,-0.3564140668884759,0.998046875,1.0736432227965123,0.01624534700095943,-2.516483783721924,-2.5713226795196533,0.17034532129764557,3740
29,-0.17953347346256676,0.17953347346256676,1.0,1.7843629538563086,30.909222741405735,-0.3313322523887199,1.0,1.0692279695138893,0.01612072281772269,-2.39068865776062,-2.4395651817321777,0.16538026928901672,3820
30,-0.19355866239810793,0.19355866239810793,1.0,1.8862863476075944,31.20458857111588,-0.28438429157441825,1.0,1.0648308735307637,0.015997054673593424,-1.628736138343811,-1.6708678007125854,0.18196608126163483,3900
31,-0.19867583078612366,0.19867583078612366,1.0,1.930194785002064,31.260560369403827,-0.3162958500912343,1.0,1.0604518601770083,0.0158743352344351,-2.2993462085723877,-2.3446598052978516,0.1714445799589157,3980
32,-0.20490757044776675,0.20490757044776675,1.0,2.0221365253260917,31.0322701972774,-0.3750946205150252,1.0,1.0560908550895691,0.015752557222374116,-2.122248411178589,-2.1636219024658203,0.16624638438224792,4060
33,-0.2318193367403511,0.2318193367403511,1.0,2.2609638932901066,31.265692301707773,-0.5142581422526882,0.9921875,1.051747784211203,0.01563171341536818,-1.159903645515442,-1.2132668495178223,0.15749606490135193,4140
34,-0.25026472008006906,0.25026472008006906,1.0,2.398348688728641,31.628414219987736,-0.39256165334366777,1.0,1.0474225737892209,0.01551179664677801,-2.944042205810547,-2.9900763034820557,0.18198439478874207,4220
35,-0.18990673144051196,0.18990673144051196,1.0,1.8925105590237743,30.875199813650084,-0.41504399227122635,1.0,1.0431151503742335,0.015392799804942315,-1.9451806545257568,-1.9962165355682373,0.1737137883901596,4300
36,-0.16985350783529876,0.16985350783529876,1.0,1.694579343752269,30.855155910312526,-0.325374621693029,1.0,1.038825440818905,0.015274715832756042,-1.0405038595199585,-1.089048147201538,0.17874865233898163,4380
37,-0.2090446873181821,0.2090446873181821,1.0,2.006735558486773,31.469765816526518,-0.35846178416498337,1.0,1.034553372276712,0.015157537727251858,-2.2054495811462402,-2.248131275177002,0.17752805352210999,4460
38,-0.2259271305312749,0.2259271305312749,1.0,2.2102669698233703,31.202308000918656,-0.36554745933564603,1.0,1.0302988722007036,0.015041258539184818,-3.1723175048828125,-3.216935634613037,0.174288809299469,4540
39,-0.22151779928924353,0.22151779928924353,1.0,2.1530873402641877,31.303153360452047,-0.4087836241490348,1.0,1.0260618683422729,0.014925871372620272,-1.7477869987487793,-1.7956311702728271,0.15974651277065277,4620
40,-0.19042575678978008,0.19042575678978008,1.0,1.8577595560086788,31.18299384997055,-0.3149876497745353,1.0,1.021842288749927,0.014811369384524875,-1.0040169954299927,-1.0525782108306885,0.15887245535850525,4700
41,-0.16610114404801213,0.16610114404801213,1.0,1.6301557266792484,31.06245167160987,-0.2874305099548922,1.0,1.0176400617680674,0.014697745784360774,-1.3054039478302002,-1.3469456434249878,0.1646985411643982,4780
42,-0.20600539775236215,0.20600539775236215,1.0,2.0376927751194054,30.99699153895635,-0.31326206332038364,1.0,1.013455116035772,0.014584993833682893,-3.441906452178955,-3.4821360111236572,0.18824881315231323,4860
43,-0.20377874992946277,0.20377874992946277,1.0,1.9343754436075287,31.621583038082058,-0.4145325821464789,1.0,1.0092873804855833,0.014473106845739311,-1.1486148834228516,-1.1911325454711914,0.1611703634262085,4940
44,-0.17871206097127112,0.17871206097127112,1.0,1.7655131120150953,30.991183363798093,-0.2986116444849183,1.0,1.0051367843423025,0.014362078185074702,-2.2640955448150635,-2.3055334091186523,0.1608271449804306,5020
45,-0.19229721982996661,0.19229721982996661,1.0,1.88156011085451,31.14380086131922,-0.28919947866476714,1.0,1.001003257121786,0.014251901267136817,-1.3619587421417236,-1.403554081916809,0.15298305451869965,5100
46,-0.1990618498267253,0.1990618498267253,1.0,1.9588147842438932,31.069757120672428,-0.2623121859388202,1.0,0.9968867286297497,0.014142569557885995,-2.628972053527832,-2.665560245513916,0.15136216580867767,5180
47,-0.23080953655897912,0.23080953655897912,1.0,2.2540059995489017,31.241494101084477,-0.34797827720754215,1.0,0.9927871289605773,0.014034076573407658,-3.227149724960327,-3.2711448669433594,0.1518438756465912,5260
48,-0.18615725402593525,0.18615725402593525,1.0,1.859030387333624,30.844262612318026,-0.29599874235221785,1.0,0.9887043884961317,0.01392641587952777,-2.3317527770996094,-2.3729774951934814,0.14664970338344574,5340
49,-0.22097167385015615,0.22097167385015615,1.0,2.1074616993134265,31.61266687445971,-0.40265682736092,0.994140625,0.9846384379045741,0.013819581091431289,-2.3806979656219482,-2.4227492809295654,0.15574994683265686,5420
50,-0.15817353703832315,0.15817353703832315,1.0,1.5703177186305886,30.91265869814877,-0.2956201731748473,1.0,0.9805892081391858,0.01371356587328348,-1.9002529382705688,-1.934949278831482,0.14973555505275726,5500
51,-0.18099405121296908,0.18099405121296908,1.0,1.7648596469907782,31.17207307890716,-0.28430786816978504,1.0,0.9765566304371964,0.013608363937854197,-2.0700972080230713,-2.107978343963623,0.13484394550323486,5580
52,-0.20059361350540178,0.20059361350540178,1.0,1.9541772917086415,31.223534701458455,-0.29312203366340095,1.0,0.9725406363186155,0.013503969046145006,-2.3111259937286377,-2.3470699787139893,0.12381817400455475,5660
53,-0.17416292970550448,0.17416292970550448,1.0,1.7187907000109384,31.000670422295965,-0.2527029219445557,1.0,0.9685411575850698,0.013400375007019176,-1.9951577186584473,-2.02976655960083,0.1450372189283371,5740
54,-0.19376507426898318,0.19376507426898318,1.0,1.9020810338499166,31.098778509749756,-0.29913990570336174,1.0,0.9645581263186456,0.01329757567683453,-1.693184733390808,-1.7256361246109009,0.13869820535182953,5820
55,-0.23665800447218305,0.23665800447218305,1.0,2.2941227750269273,31.383040254078278,-0.44418673107015716,0.99609375,0.9605914748807346,0.013195564959079076,-1.2477531433105469,-1.2827441692352295,0.15099558234214783,5900
56,-0.19223563650389214,0.19223563650389214,1.0,1.8513028679463808,31.37222254644624,-0.3942909890781333,0.9892578125,0.9566411359108862,0.013094336804009477,-1.8762905597686768,-1.9096107482910156,0.12915384769439697,5980
57,-0.22667239242394038,0.22667239242394038,1.0,2.1210588883828643,31.947191605513794,-0.3718065755797073,1.0,0.9527070423256623,0.012993885208292246,-2.1981821060180664,-2.2354416847229004,0.13211387395858765,6060
58,-0.20842856042270463,0.20842856042270463,1.0,1.9992843870879589,31.479706021578245,-0.3179443328199921,1.0,0.9487891273174998,0.012894204214647742,-1.370093584060669,-1.4005690813064575,0.13877367973327637,6140
59,-0.2036419760967204,0.2036419760967204,1.0,1.9687323044660887,31.346283271855526,-0.320025571252448,1.0,0.9448873243535745,0.012795287911496858,-1.9206926822662354,-1.9512978792190552,0.1370726227760315,6220
60,-0.23563592905516562,0.23563592905516562,1.0,2.333550563860849,31.000440236332572,-0.3559871673503239,1.0,0.9410015671746725,0.012697130432610438,-1.5145576000213623,-1.5508652925491333,0.14681439101696014,6300
61,-0.18602498638395076,0.18602498638395076,1.0,1.8093657861186432,31.2167936105178,-0.2973934805241971,1.0,0.9371317897940642,0.012599725956761383,-2.049117088317871,-2.0756237506866455,0.1483747810125351,6380
62,-0.19274918186780787,0.19274918186780787,1.0,1.910627122267197,30.954634539871492,-0.3643030189267669,1.0,0.9332779264963839,0.012503068707379425,-0.29299673438072205,-0.3207656145095825,0.14367134869098663,6460
63,-0.1965457417161706,0.1965457417161706,1.0,1.9542703414237776,30.910881840622174,-0.32377302378353456,1.0,0.9294399118365142,0.012407152952208544,-1.0794448852539062,-1.1152396202087402,0.13563105463981628,6540
64,-0.1930217347178663,0.1930217347178663,1.0,1.927970616638647,30.841986037756577,-0.30922605416286947,1.0,0.9256176806384742,0.01231197300296702,-1.8733398914337158,-1.9082800149917603,0.139657124876976,6620
65,-0.20258380437813822,0.20258380437813822,1.0,1.999224513205404,31.029760694616016,-0.3309830764150588,1.0,0.9218111679943131,0.012217523215010075,-0.8347828984260559,-0.8658206462860107,0.1352229118347168,6700
66,-0.21579586770732884,0.21579586770732884,1.0,2.0656955573043714,31.53566746388705,-0.3730507616970776,1.0,0.9180203092630072,0.012123797986995146,-1.7195327281951904,-1.754011869430542,0.1350758671760559,6780
67,-0.20698965861318572,0.20698965861318572,1.0,1.9904099257711088,31.437209920110007,-0.3203556733714834,1.0,0.9142450400693634,0.012030791760549673,-1.674678087234497,-1.7039889097213745,0.15420280396938324,6860
68,-0.18318002074364922,0.18318002074364922,1.0,1.7906571205835462,31.141727897539702,-0.3235881758329947,1.0,0.9104852963029249,0.011938499019941469,-1.3767147064208984,-1.4109383821487427,0.1409449577331543,6940
69,-0.21766148846433173,0.21766148846433173,1.0,2.104276901039409,31.382121015410426,-0.3905230707343994,1.0,0.9067410141168831,0.011846914291751609,-1.1874363422393799,-1.2228741645812988,0.14133432507514954,7020
70,-0.17494250783616497,0.17494250783616497,1.0,1.7243630675178157,31.01780442276727,-0.24684662699494703,1.0,0.903012129926993,0.011756032144549827,-3.148975133895874,-3.1790566444396973,0.13467496633529663,7100
71,-0.2272555353204016,0.2272555353204016,1.0,2.158011351090395,31.707367688398588,-0.4000851496677196,1.0,0.8992985804104939,0.011665847188572408,-0.36045217514038086,-0.3860958218574524,0.14198321104049683,7180
72,-0.1853800594926356,0.1853800594926356,1.0,1.8381775424268922,30.945066223183872,-0.23891851190865285,1.0,0.8956003025050335,0.011576354075402551,-0.16657811403274536,-0.18493697047233582,0.1583220511674881,7260
73,-0.2099591010421499,0.2099591010421499,1.0,2.022245545430481,31.42070950868024,-0.289152065529089,1.0,0.8919172334075974,0.01148754749765317,-2.229813575744629,-2.2536463737487793,0.14999771118164062,7340
74,-0.18255350026088568,0.18255350026088568,1.0,1.7852378189730311,31.13520922516185,-0.28111269665761884,1.0,0.8882493105734426,0.011399422188652154,-1.516402006149292,-1.5461238622665405,0.15511414408683777,7420
75,-0.20329255295265602,0.20329255295265602,1.0,1.9570027217210806,31.40974627327597,-0.32909329655869657,1.0,0.884596471715035,0.011311972922130011,-1.736448049545288,-1.7631970643997192,0.16767005622386932,7500
76,-0.20128786013589545,0.20128786013589545,1.0,1.9655903722239967,31.1890833968935,-0.39595784636763043,1.0,0.8809586548009921,0.011225194511909944,-1.5649503469467163,-1.5903271436691284,0.1445082277059555,7580
77,-0.18844373260436392,0.18844373260436392,1.0,1.8474362355231304,31.10980897757941,-0.2698009720760582,1.0,0.8773357980550297,0.011139081811600268,-1.9757084846496582,-1.998694658279419,0.16656358540058136,7660
78,-0.1833092657390193,0.1833092657390193,1.0,1.8182510610068758,30.93904419099895,-0.32723105287809573,1.0,0.873727839954912,0.011053629714289208,-1.1834357976913452,-1.2118337154388428,0.17169830203056335,7740
79,-0.17640837912714186,0.17640837912714186,1.0,1.7235992799965656,31.136652803435844,-0.25821889490688654,1.0,0.8701347192314076,0.010968833152242037,-1.143996000289917,-1.1677665710449219,0.15055203437805176,7820
80,-0.17015312665240806,0.17015312665240806,1.0,1.6672169910492536,31.089103929214293,-0.33498445345988204,0.9990234375,0.8665563748672492,0.010884687096600534,-1.7505087852478027,-1.7732669115066528,0.14523941278457642,7900
81,-0.18643539905843737,0.18643539905843737,1.0,1.8509103558199949,30.92827126378194,-0.3004591796353776,1.0,0.8629927460960968,0.010801186557084744,-2.0744500160217285,-2.1022140979766846,0.14830194413661957,7980
82,-0.1649142854053306,0.1649142854053306,1.0,1.6419127157353839,30.880389015747365,-0.2741319175303614,1.0,0.8594437724015059,0.010718326581697031,-2.6695783138275146,-2.6970362663269043,0.13520315289497375,8060
83,-0.18520630464920346,0.18520630464920346,1.0,1.8386747725451882,30.92784464401651,-0.26246038556100376,1.0,0.8559093935159002,0.0106361022564284,-1.4685990810394287,-1.4923579692840576,0.15025940537452698,8140
84,-0.23143729720814088,0.23143729720814088,1.0,2.2212555154983904,31.542251126980837,-0.38017591981811033,1.0,0.8523895494195478,0.010554508704967077,-1.5920218229293823,-1.61280357837677,0.13847875595092773,8220
85,-0.20550276003620893,0.20550276003620893,1.0,1.9710545719201633,31.471782626651077,-0.36703670778048547,1.0,0.8488841803395425,0.010473541088409307,-1.2558677196502686,-1.2795159816741943,0.14095529913902283,8300
86,-0.19426056895908628,0.19426056895908628,1.0,1.906099026223282,31.105998838831358,-0.4052120846079864,1.0,0.8453932267487878,0.010393194604972397,-1.5410083532333374,-1.5640685558319092,0.14690491557121277,8380
87,-0.2259190759505481,0.2259190759505481,1.0,2.1970535657205343,31.303512014428613,-0.3103112274504135,1.0,0.841916629364987,0.010313464489709934,-1.6811423301696777,-1.702825903892517,0.14023110270500183,8460
88,-0.16306687015646265,0.16306687015646265,1.0,1.622925314693996,30.88434419536579,-0.28784301756693115,1.0,0.8384543291496357,0.010234346014229212,-0.8640710115432739,-0.8903635144233704,0.14318068325519562,8540
89,-0.19357714898454975,0.19357714898454975,1.0,1.8512054189070994,31.476352711812595,-0.3612581760337242,1.0,0.8350062673070202,0.010155834486410801,-1.3111441135406494,-1.3376688957214355,0.13980744779109955,8620
90,-0.19606995540578015,0.19606995540578015,1.0,1.9154459798196966,31.17340400425598,-0.31099942766991395,1.0,0.8315723852832179,0.010077925250130302,-1.077636957168579,-1.1022807359695435,0.14972083270549774,8700
91,-0.16923052572731456,0.16923052572731456,1.0,1.688690591998756,30.852527572753953,-0.2545193363327639,1.0,0.8281526247651037,0.010000613684982186,-1.738337516784668,-1.762722134590149,0.14229953289031982,8780
92,-0.20736657853063398,0.20736657853063398,1.0,2.031025247236502,31.153267508321612,-0.31913148460831453,1.0,0.8247469276793595,0.009923895206005806,-1.1605393886566162,-1.183485507965088,0.1432841271162033,8860
93,-0.21673082068517813,0.21673082068517813,1.0,2.078380781523936,31.509962041831812,-0.3254207344398513,1.0,0.8213552361914883,0.009847765263413478,-0.9768357872962952,-0.9977370500564575,0.13483668863773346,8940
94,-0.17620578247446833,0.17620578247446833,1.0,1.7487178988918068,30.92747206547761,-0.2630820885276032,1.0,0.8179774927048317,0.009772219342320653,-1.7770012617111206,-1.80256187915802,0.1328587383031845,9020
95,-0.1992574564975962,0.1992574564975962,1.0,1.885139884057253,31.652582064274455,-0.3232239885555562,1.0,0.8146136398595916,0.009697252962478161,-2.5731801986694336,-2.602760076522827,0.12498019635677338,9100
96,-0.18471720527286656,0.18471720527286656,1.0,1.7944055678934698,31.231299756152097,-0.27950085293111626,1.0,0.811263620531857,0.009622861678006519,-1.7643539905548096,-1.785096526145935,0.12670621275901794,9180
97,-0.19217209704101454,0.19217209704101454,1.0,1.9183790083177024,30.850426076195568,-0.3262097208803639,1.0,0.8079273778326332,0.009549041077132258,-1.8460330963134766,-1.868543267250061,0.12833862006664276,9260
98,-0.2549726741346188,0.2549726741346188,1.0,2.429834948485594,31.74857866279764,-0.38876948706949305,1.0,0.8046048551068761,0.009475786781926288,-1.833093523979187,-1.851488471031189,0.1375318020582199,9340
99,-0.22532264083548742,0.22532264083548742,1.0,2.1896733667591235,31.3144227756466,-0.3615366119336925,1.0,0.8012959959325296,0.009403094448044266,-1.0246877670288086,-1.0440897941589355,0.13763025403022766,9420
100,-0.1673854022436218,0.1673854022436218,1.0,1.6621223412911212,30.915078661431792,-0.2458877208723726,1.0,0.7980007441195683,0.009330959764468946,-1.2627787590026855,-1.2811838388442993,0.133457213640213,9500
101,-0.19770343539229301,0.19770343539229301,1.0,1.9165350993501757,31.290889779540482,-0.2962396025277909,1.0,0.7947190437090427,0.009259378453254532,-1.8593385219573975,-1.8817073106765747,0.13030032813549042,9580
102,-0.19123575939177698,0.19123575939177698,1.0,1.8509912243197604,31.297571913677285,-0.3019061468042754,1.0,0.7914508389721284,0.009188346269272953,-1.3828898668289185,-1.4011462926864624,0.126498743891716,9660
103,-0.21155549186434502,0.21155549186434502,1.0,1.9935174124842288,31.7651138901469,-0.37036659342449885,1.0,0.7881960744091813,0.009117858999962125,-0.8935997486114502,-0.9135769605636597,0.13838376104831696,9740
104,-0.21447564948524733,0.21447564948524733,1.0,2.01849953490043,31.797629710316635,-0.308344781656399,1.0,0.7849546947487935,0.009047912465076106,-2.042595863342285,-2.0570712089538574,0.1395910084247589,9820
105,-0.1792863084541196,0.1792863084541196,1.0,1.7803233269911831,30.921305834036545,-0.2501594415194425,1.0,0.781726644946856,0.008978502516437212,-0.8664969205856323,-0.8837195038795471,0.1316610425710678,9900
106,-0.17845741858709724,0.17845741858709724,1.0,1.7660498274917933,30.96742417396952,-0.2586504111706873,1.0,0.7785118701856226,0.008909625037689979,-1.3194829225540161,-1.3347669839859009,0.14010535180568695,9980
107,-0.24979756688244026,0.24979756688244026,1.0,2.418063627326684,31.44048797865323,-0.4052248701141704,1.0,0.7753103158727802,0.008841275944057064,-0.4981915056705475,-0.5158904194831848,0.1431608647108078,10060
108,-0.2253707337845791,0.2253707337845791,1.0,2.189413218081404,31.32013364858094,-0.35367018698761954,1.0,0.7721219276405215,0.008773451182096997,-0.9329833984375,-0.9521215558052063,0.13914702832698822,10140
109,-0.16817875979990604,0.16817875979990604,1.0,1.649633674506592,31.072455893707605,-0.24342923023429863,1.0,0.7689466513446209,0.008706146729463779,-1.0152508020401,-1.0322487354278564,0.13072386384010315,10220
110,-0.1662474622368031,0.1662474622368031,1.0,1.6514757108277114,30.909431815687128,-0.24729173593674925,1.0,0.7657844330635163,0.008639358594668347,-1.0277553796768188,-1.0432270765304565,0.13418015837669373,10300
111,-0.18140419932683985,0.18140419932683985,1.0,1.8082980268625657,30.868936325184187,-0.23605468388590176,1.0,0.7626352190973921,0.008573082816841856,-1.8302114009857178,-1.8456038236618042,0.14704734086990356,10380
112,-0.22283019219335343,0.22283019219335343,1.0,2.1865181761913686,31.146664922627515,-0.36592272767110706,1.0,0.7594989559672686,0.008507315465500775,-0.3842427730560303,-0.4030908942222595,0.12884679436683655,10460
113,-0.20422503688490395,0.20422503688490395,1.0,2.017267695594329,31.017193033969736,-0.35721743417509283,1.0,0.7563755904140927,0.008442052640313802,-0.3032996952533722,-0.3218507468700409,0.12213452905416489,10540
114,-0.20078195474512356,0.20078195474512356,1.0,1.9709371473387067,31.108894329345006,-0.3428461999004605,1.0,0.7532650693978344,0.008377290470870541,-0.9754644632339478,-0.9934638142585754,0.13669423758983612,10620
115,-0.2023702708767321,0.2023702708767321,1.0,1.977206422556641,31.182980551602405,-0.33793659246392527,1.0,0.7501673400965856,0.00831302511645198,-0.798145055770874,-0.8160948157310486,0.13547323644161224,10700
116,-0.20277365853288884,0.20277365853288884,1.0,1.9802197844837726,31.190844808912296,-0.27216717349332203,1.0,0.7470823499056628,0.008249252765802705,-1.515840768814087,-1.5314007997512817,0.1285872757434845,10780
117,-0.21292646708294374,0.21292646708294374,1.0,2.0360443458795072,31.543043847907263,-0.3380385614270588,1.0,0.7440100464367142,0.008185969636904879,-0.49690622091293335,-0.5122165083885193,0.13840392231941223,10860
118,-0.20253446993934032,0.20253446993934032,1.0,2.0141005226027655,30.91132187093239,-0.3480445423635476,1.0,0.7409503775168307,0.00812317197675396,-0.34159550070762634,-0.3599630892276764,0.13573549687862396,10940
119,-0.19330759187891397,0.19330759187891397,1.0,1.920974794242706,30.91792565438174,-0.272582938903266,1.0,0.7379032911876581,0.008060856061136105,-1.720409631729126,-1.7350893020629883,0.1282055675983429,11020
120,-0.2196598790686102,0.2196598790686102,1.0,2.1448615691339556,31.22336808028545,-0.30063467441692227,1.0,0.7348687357045168,0.00799901819440733,-1.9961556196212769,-2.0139718055725098,0.13042579591274261,11100
121,-0.19536284206240573,0.19536284206240573,1.0,1.8428043765578115,31.67870106640282,-0.2876864757748344,1.0,0.7318466595355219,0.007937654709274327,-1.8519530296325684,-1.868475079536438,0.12730543315410614,11180
122,-0.17849686739073817,0.17849686739073817,1.0,1.7829414960809853,30.840294127641116,-0.24910040877156897,1.0,0.7288370113607079,0.007876761966576978,-0.6985160112380981,-0.7122083902359009,0.1411142200231552,11260
123,-0.21002526604273822,0.21002526604273822,1.0,2.077717958593021,30.99832855472833,-0.28893243998041257,1.0,0.7258397400711581,0.007816336355072532,-0.7973045706748962,-0.8120914101600647,0.12768983840942383,11340
124,-0.19139780320769617,0.19139780320769617,1.0,1.8542035651866566,31.285304443830952,-0.2727422560346991,1.0,0.7228547947681366,0.007756374291221446,-0.3288217782974243,-0.34362074732780457,0.1310419738292694,11420
125,-0.2260624076111283,0.2260624076111283,1.0,2.1633280567217086,31.574451834337104,-0.32531374786263845,1.0,0.7198821247622228,0.007696872218974862,-1.9132699966430664,-1.9273666143417358,0.127853661775589,11500
126,-0.2367988707438915,0.2367988707438915,1.0,2.318975864082631,31.202373563971108,-0.37928447344156235,1.0,0.7169216795724519,0.007637826609563708,-0.9294517040252686,-0.9429149627685547,0.13056564331054688,11580
127,-0.22530195627460897,0.22530195627460897,1.0,2.2278315618827396,31.018775323035154,-0.32969633134760773,1.0,0.713973408925457,0.007579233961289435,-0.8673242330551147,-0.881049633026123,0.11337920278310776,11660
128,-0.19639989308599737,0.19639989308599737,1.0,1.9394205061802448,31.014077826501335,-0.3220224346160089,1.0,0.7110372627546158,0.007521090799316343,-0.22005301713943481,-0.23322054743766785,0.12675705552101135,11740
129,-0.18440787621721078,0.18440787621721078,1.0,1.8314423122782069,30.92205096149143,-0.2921400018105904,1.0,0.7081131911991996,0.007463393675465506,-1.7733327150344849,-1.7902805805206299,0.12437769025564194,11820
130,-0.2044171498315604,0.2044171498315604,1.0,2.0010437467162276,31.1570220576753,-0.34761034738795016,1.0,0.7052011446035276,0.007406139168010282,-0.8718640804290771,-0.8862228989601135,0.12355736643075943,11900
131,-0.18595045711514047,0.18595045711514047,1.0,1.80400315415228,31.252375603118363,-0.28765645789629324,1.0,0.7023010735161228,0.007349323881473378,-0.9086559414863586,-0.922436535358429,0.12116274982690811,11980
132,-0.1923668630506778,0.1923668630506778,1.0,1.8210682862606415,31.615327853278526,-0.3211288308799636,1.0,0.6994129286888727,0.007292944446425496,-0.9173154830932617,-0.9310057759284973,0.13270850479602814,12060
133,-0.20287044462178658,0.20287044462178658,1.0,1.9308883289829457,31.578459795755872,-0.29056883096675923,1.0,0.6965366610761933,0.007236997519285497,-1.3406670093536377,-1.3528456687927246,0.13993355631828308,12140
134,-0.20317484062009183,0.20317484062009183,1.0,1.9737811159803578,31.27137803664803,-0.3115317182553007,1.0,0.6936722218341949,0.0071814797821221086,-0.5601220726966858,-0.5748241543769836,0.13801370561122894,12220
135,-0.228515938496062,0.228515938496062,1.0,2.2706229590845446,30.936692495774448,-0.3327279266149116,1.0,0.6908195623198542,0.007126387942457171,-0.9881107211112976,-1.002626895904541,0.12073797732591629,12300
136,-0.1816343502619967,0.1816343502619967,1.0,1.7556633761693794,31.292283608633575,-0.24592544497892907,1.0,0.6879786340901876,0.007071718733070358,-1.6161575317382812,-1.6288105249404907,0.12888620793819427,12380
137,-0.1929627895155441,0.1929627895155441,1.0,1.8466959957466411,31.46375951131984,-0.3516590818999392,1.0,0.6851493889014281,0.007017468911805426,-0.5687101483345032,-0.5816890597343445,0.12070602178573608,12460
138,-0.19438632552565882,0.19438632552565882,1.0,1.9360717181104126,30.88471524948266,-0.27722314748148563,1.0,0.682331778708207,0.006963635261377932,-1.1338261365890503,-1.1472907066345215,0.11996112763881683,12540
139,-0.16218359418239428,0.16218359418239428,1.0,1.6199567725804926,30.83915354862237,-0.23674961374500353,1.0,0.6795257556627372,0.006910214589184438,-1.5560485124588013,-1.5669020414352417,0.12789908051490784,12620
140,-0.1978023938271867,0.1978023938271867,1.0,1.9263290441566525,31.22304189794169,-0.2674476629145398,1.0,0.6767312721140012,0.006857203727113172,-1.7367347478866577,-1.748105764389038,0.12170454114675522,12700
141,-0.22427390040723807,0.22427390040723807,1.0,2.139556477230525,31.61981425021942,-0.3794819070974048,1.0,0.6739482806069413,0.0068045995313561385,-0.5027984380722046,-0.5131892561912537,0.13073009252548218,12780
142,-0.21846847220267918,0.21846847220267918,1.0,2.1049533592581104,31.43909563799723,-0.31611409586748507,1.0,0.6711767338816547,0.006752398882222679,-1.5422691106796265,-1.5547783374786377,0.12766313552856445,12860
143,-0.19201734956582553,0.19201734956582553,1.0,1.901275225041,30.970305604526533,-0.27356954952601065,1.0,0.6684165848725896,0.006700598683954462,-1.6796140670776367,-1.690364122390747,0.12421313673257828,12940
144,-0.20649001373176917,0.20649001373176917,1.0,1.898414432512455,32.10763918015041,-0.28517441256664056,1.0,0.6656677867077473,0.006649195864541882,-0.8443747162818909,-0.8558847904205322,0.13668636977672577,13020
145,-0.19586232237679485,0.19586232237679485,1.0,1.941068797037482,30.959949717650044,-0.27153465887117667,1.0,0.6629302927078854,0.00659818737554188,-0.16946883499622345,-0.18042661249637604,0.129242941737175,13100
146,-0.2000058842368334,0.2000058842368334,1.0,1.9758901169847332,31.01092061485958,-0.31649993548955846,1.0,0.6602040563857255,0.0065475701918971535,-0.824573278427124,-0.8363494873046875,0.13585689663887024,13180
147,-0.21450230211456045,0.21450230211456045,1.0,2.0550972820743967,31.51765521534336,-0.3535963514467989,1.0,0.6574890314451634,0.006497341311756752,-1.8194332122802734,-1.8298349380493164,0.13574233651161194,13260
148,-0.19726883959665895,0.19726883959665895,1.0,1.911860597766934,31.293421591953834,-0.2967339200879676,1.0,0.654785171780483,0.00644749775629806,-1.3324002027511597,-1.3435838222503662,0.11917717754840851,13340
149,-0.22688868664477524,0.22688868664477524,1.0,2.164848879272445,31.626406571342166,-0.39385010697969447,1.0,0.6520924314755738,0.0063980365695501295,-0.022874165326356888,-0.033467043191194534,0.13513872027397156,13420
150,-0.18344323307337573,0.18344323307337573,1.0,1.8296353118335045,30.86163898853507,-0.22874290290883542,1.0,0.649410764803151,0.006348954818218386,-1.6338987350463867,-1.6421968936920166,0.12954093515872955,13500
151,-0.23902900535790858,0.23902900535790858,1.0,2.250552344696651,31.901514627535004,-0.32167784288103707,1.0,0.6467401262239781,0.006300249591510657,-1.067975640296936,-1.0758719444274902,0.1335361897945404,13580
152,-0.24563785233522697,0.24563785233522697,1.0,2.285147320930927,32.144208782444366,-0.31753404192356105,1.0,0.644080470386095,0.0062519180009645604,-2.30971622467041,-2.318882465362549,0.1400921791791916,13660
153,-0.20671502479159218,0.20671502479159218,1.0,2.0385980299556596,31.04470054547064,-0.3067587928643297,1.0,0.6414317521240466,0.006203957180276195,-1.1925979852676392,-1.2021420001983643,0.12344108521938324,13740
154,-0.23921696944077275,0.23921696944077275,1.0,2.3316722867335544,31.29087554702957,-0.3129439423726363,1.0,0.6387939264581167,0.006156364285130159,-0.9998190999031067,-1.0074771642684937,0.1334725320339203,13820
155,-0.2071221113221826,0.2071221113221826,1.0,1.9518029402559494,31.744928868278823,-0.38232303752511926,1.0,0.6361669485935636,0.0061091364930308655,-1.3711031675338745,-1.3803478479385376,0.1362609714269638,13900
156,-0.22238591727640594,0.22238591727640594,1.0,2.1108809743976735,31.69530134152857,-0.32082817432561445,1.0,0.6335507739198597,0.006062271003135157,-0.7410018444061279,-0.7503888607025146,0.14175640046596527,13980
157,-0.17665214438932691,0.17665214438932691,1.0,1.7119628637150792,31.24510994409608,-0.2514006103132289,1.0,0.6309453580099339,0.006015765036086199,-0.2064705193042755,-0.21565131843090057,0.1439368724822998,14060
158,-0.18055888894044353,0.18055888894044353,1.0,1.7645482174145557,31.14093867139014,-0.24950010942340667,1.0,0.6283506566194171,0.005969615833848654,-1.2896473407745361,-1.2992476224899292,0.1430613100528717,14140
159,-0.1919119110216354,0.1919119110216354,1.0,1.8892140679277303,31.055125637139394,-0.24968505413662856,1.0,0.6257666256858907,0.005923820659545108,-3.2542316913604736,-3.2643792629241943,0.1383669674396515,14220
160,-0.2054892052549971,0.2054892052549971,1.0,2.0354369981582066,30.97459627388193,-0.2895420552365974,1.0,0.6231932213281385,0.005878376797293773,-1.3892146348953247,-1.399875283241272,0.12200719118118286,14300
161,-0.23389950130031711,0.23389950130031711,1.0,2.241227005437451,31.57808905455833,-0.3136870352242005,1.0,0.6206303998454019,0.00583328155204741,-0.7870969772338867,-0.796543300151825,0.1283971518278122,14380
162,-0.20543681063249103,0.20543681063249103,1.0,2.0255216433647423,31.046968046899153,-0.3027464706203875,1.0,0.6180781177166371,0.005788532249433502,-1.0305935144424438,-1.0422993898391724,0.1114509329199791,14460
163,-0.22074654150651957,0.22074654150651957,1.0,2.1103998213038495,31.572676135714044,-0.28323795109256783,1.0,0.6155363315997763,0.005744126235595658,-2.037853479385376,-2.0453715324401855,0.12679165601730347,14540
164,-0.18467133195361302,0.18467133195361302,1.0,1.8152790283604938,31.066910286112083,-0.2507116390570659,1.0,0.6130049983309919,0.005700060877036215,-0.30613505840301514,-0.31386053562164307,0.12853698432445526,14620
165,-0.19867264738901702,0.19867264738901702,1.0,1.9033176368157088,31.467434873139233,-0.3596761353419414,1.0,0.6104840749239634,0.005656333560460066,-0.9059826731681824,-0.9120323657989502,0.14008480310440063,14700
166,-0.20496239544726275,0.20496239544726275,1.0,1.9572231550872279,31.53672844615405,-0.31534452969028304,1.0,0.6079735185691472,0.005612941692619677,-0.5820747017860413,-0.5889423489570618,0.1289720982313156,14780
167,-0.2174999033783314,0.2174999033783314,1.0,2.116428522599964,31.276026558781872,-0.37080353112507536,1.0,0.6054732866330498,0.005569882700161291,-0.13206890225410461,-0.14240863919258118,0.12980227172374725,14860
168,-0.18039474308325484,0.18039474308325484,1.0,1.7941376662823645,30.900268049099047,-0.23180517786890575,1.0,0.602983336657504,0.005527154029472319,-0.8179169297218323,-0.8266193270683289,0.13077907264232635,14940
169,-0.1662404197263736,0.1662404197263736,1.0,1.6275118427756579,31.09355870325892,-0.22861256414848596,1.0,0.6005036263589475,0.0054847531465299,-1.800352692604065,-1.809515118598938,0.12023422867059708,15020
170,-0.2140619055521525,0.2140619055521525,1.0,2.1008219863163218,31.13135525929592,-0.3226874196900898,1.0,0.5980341136277048,0.005442677536750616,-0.5535247921943665,-0.5646786689758301,0.1303209513425827,15100
171,-0.20635053703193176,0.20635053703193176,1.0,2.0193362193194293,31.165047256503055,-0.30128660915858285,1.0,0.5955747565272728,0.0054009247048413655,-0.47128039598464966,-0.4829121232032776,0.13172577321529388,15180
172,-0.21586594513891172,0.21586594513891172,1.0,2.1025676339144397,31.256925328422586,-0.30326101042720327,1.0,0.593125513293608,0.005359492174651383,-0.900371253490448,-0.9118565917015076,0.11529374122619629,15260
173,-0.18103261788733327,0.18103261788733327,1.0,1.789742979567389,30.983289948218943,-0.2694569676842521,1.0,0.5906863423344173,0.005318377489025389,-0.2457275390625,-0.254891574382782,0.13247917592525482,15340
174,-0.2007101395791204,0.2007101395791204,1.0,1.9639803683838126,31.1569702399216,-0.270641713140654,1.0,0.5882572022284522,0.005277578209657868,-1.6199257373809814,-1.628270149230957,0.12878939509391785,15420
175,-0.20311139831767197,0.20311139831767197,1.0,2.0016511349035735,31.051718015728333,-0.24756028861209212,1.0,0.5858380517248049,0.005237091916948467,-1.780623197555542,-1.788790225982666,0.13523180782794952,15500
176,-0.19810416947014353,0.19810416947014353,1.0,1.9526267669575261,31.043642563986495,-0.2846320911401484,1.0,0.5834288497422075,0.005196916209858498,0.08738431334495544,0.08145559579133987,0.13419964909553528,15580
177,-0.18413632996431903,0.18413632996431903,1.0,1.7895830831039716,31.2236994068828,-0.2826765975083215,1.0,0.5810295553683357,0.005157048705768548,-1.7093234062194824,-1.7158079147338867,0.13667762279510498,15660
178,-0.2132338107159808,0.2132338107159808,1.0,2.0447435491770767,31.499690742030502,-0.28042028138032093,1.0,0.5786401278591125,0.005117487040337175,-1.0394173860549927,-1.045383334159851,0.13438960909843445,15740
179,-0.17167182925865188,0.17167182925865188,1.0,1.7074895758386848,30.8957903970666,-0.24884201796157868,1.0,0.5762605266380171,0.005078228867360694,-0.9792557954788208,-0.9874568581581116,0.1350439339876175,15820
180,-0.18709502721600063,0.18709502721600063,1.0,1.8541677982543834,30.954000919425297,-0.2554268917338026,1.0,0.5738907112953958,0.00503927185863403,-0.5142388343811035,-0.5210712552070618,0.13405105471611023,15900
181,-0.20696965667684217,0.20696965667684217,1.0,2.0325581891656856,31.11086693491145,-0.2709428544477761,1.0,0.5715306415877756,0.005000613703812647,-0.9328626990318298,-0.9393891096115112,0.1280723661184311,15980
182,-0.22763738209083875,0.22763738209083875,1.0,2.1303123496797127,31.950246603127752,-0.32233958053769546,1.0,0.5691802774371807,0.004962252110275538,-0.628446102142334,-0.6359555125236511,0.1375553458929062,16060
183,-0.16227544184006976,0.16227544184006976,1.0,1.6155896376592118,30.879885359277488,-0.20773239112604097,1.0,0.5668395789304523,0.004924184802989251,-0.9474636316299438,-0.956292450428009,0.136623352766037,16140
184,-0.21546264669114562,0.21546264669114562,1.0,2.1133373227092362,31.142853440023792,-0.31282127592344566,1.0,0.5645085063185706,0.004886409524372976,-1.211808681488037,-1.218973159790039,0.1396581083536148,16220
185,-0.24268473786869138,0.24268473786869138,1.0,2.2723482207330195,32.01526883531159,-0.381388070402778,1.0,0.5621870200159796,0.0048489240341646565,-0.42292487621307373,-0.43035972118377686,0.12551656365394592,16300
186,-0.1961667175329191,0.1961667175329191,1.0,1.9397350997596756,30.993684615436806,-0.3140226948146527,1.0,0.5598750805999154,0.004811726109288131,0.2408982664346695,0.2331463098526001,0.12438658624887466,16380
187,-0.24701059059758998,0.24701059059758998,1.0,2.2911350965967254,32.20385149460144,-0.3703169379133311,1.0,0.5575726488097358,0.004774813543721294,-1.271791696548462,-1.2800724506378174,0.13800115883350372,16460
188,-0.18178528192299298,0.18178528192299298,1.0,1.8140633310887473,30.8538747871512,-0.298819594117273,1.0,0.5552796855462545,0.0047381841483652674,-0.5262956619262695,-0.5321484804153442,0.13095268607139587,16540
189,-0.20157495511778395,0.20157495511778395,1.0,1.9493561434226088,31.33631111470484,-0.27457382629013466,1.0,0.5529961518710769,0.004701835750914574,-1.292299509048462,-1.3006850481033325,0.12007119506597519,16620
190,-0.2319197869947394,0.2319197869947394,1.0,2.2021084877504506,31.72698281517015,-0.3264323517336539,1.0,0.5507220090059387,0.004665766195728315,-1.3620246648788452,-1.3698261976242065,0.12331155687570572,16700
191,-0.20676090435769934,0.20676090435769934,1.0,2.047628250633659,30.978647703531006,-0.2837647702679975,1.0,0.5484572183320473,0.004629973343702323,-0.5800122022628784,-0.5880135297775269,0.13064518570899963,16780
192,-0.17482156521747355,0.17482156521747355,1.0,1.7330191628279925,30.941779055828583,-0.23201581766088344,1.0,0.5462017413894263,0.004594455072142305,-1.7776777744293213,-1.7837152481079102,0.12472506612539291,16860
193,-0.18487648592711722,0.18487648592711722,1.0,1.809870798459566,31.124396524829407,-0.34638536463784836,1.0,0.543955539876262,0.00455920927463796,-0.2809566557407379,-0.2867840528488159,0.11421750485897064,16940
194,-0.22561069504387649,0.22561069504387649,1.0,2.1756338081143554,31.444811915938388,-0.2992527682571057,1.0,0.5417185756482534,0.004524233860938051,-0.6750763654708862,-0.6817960739135742,0.12520954012870789,17020
195,-0.1821302037232997,0.1821302037232997,1.0,1.802119777166454,30.972494074958142,-0.2743509081516529,1.0,0.5394908107179642,0.0044895267568264485,-0.7960672378540039,-0.8026756644248962,0.13384848833084106,17100
196,-0.18225010526086147,0.18225010526086147,1.0,1.8046361685236672,30.962342154208034,-0.25224155223008826,1.0,0.5372722072541776,0.004455085903999115,-1.8726904392242432,-1.8794480562210083,0.13096067309379578,17180
197,-0.1694846146565534,0.1694846146565534,1.0,1.6914479002098273,30.85085981218902,-0.23375845418127195,1.0,0.5350627275812538,0.004420909259942043,-0.7290061712265015,-0.7351747751235962,0.13069979846477509,17260
198,-0.1885930828205991,0.1885930828205991,1.0,1.873552948035735,30.920058379738386,-0.33327152898502554,1.0,0.5328623341784912,0.004386994797810118,-0.3136947751045227,-0.3201020061969757,0.14179818332195282,17340
199,-0.16365301626267237,0.16365301626267237,1.0,1.6300356762683725,30.87471995809218,-0.2423038809841818,1.0,0.5306709896794873,0.004353340506306919,-0.6211060285568237,-0.6267998218536377,0.16195443272590637,17420
200,-0.24552749342641536,0.24552749342641536,1.0,2.33340475775792,31.763824419714762,-0.3824225780926338,1.0,0.5284886568715065,0.004319944389565436,-0.6041358709335327,-0.6089613437652588,0.13513503968715668,17500
201,-0.23821542286906522,0.23821542286906522,1.0,2.2679882628139145,31.704454477613567,-0.38092286546751547,1.0,0.526315298694846,0.0042868044670297135,0.5888419151306152,0.5832101106643677,0.13480950891971588,17580
202,-0.1916424805325201,0.1916424805325201,1.0,1.9093318406393702,30.87933193268114,-0.2980559254088089,1.0,0.5241508782422079,0.004253918773337382,-0.9653008580207825,-0.9721656441688538,0.1525338888168335,17660
203,-0.19808773019038284,0.19808773019038284,1.0,1.893922839634619,31.49475805686928,-0.25759329795120495,1.0,0.5219953587580716,0.0042212853582031095,-1.2655001878738403,-1.2701162099838257,0.14401797950267792,17740
204,-0.22895322245378116,0.22895322245378116,1.0,2.1455527317015237,31.934202527679105,-0.3453975319097222,1.0,0.5198487036380706,0.00418890228630294,-0.813785195350647,-0.8203926682472229,0.13842302560806274,17820
205,-0.16252264545283707,0.16252264545283707,1.0,1.6246568907956584,30.829061508426808,-0.22048511968191847,1.0,0.5177108764283697,0.004156767637159515,-0.0731523334980011,-0.07792739570140839,0.12926939129829407,17900
206,-0.1825248874412838,0.1825248874412838,1.0,1.8028663575201098,30.997155791987552,-0.28344424712616156,1.0,0.5155818408250469,0.004124879505028183,-0.8672711849212646,-0.8743920922279358,0.14117631316184998,17980
207,-0.20539720005568585,0.20539720005568585,1.0,1.9758824719017054,31.426443388344715,-0.2931855842857239,1.0,0.5134615606734765,0.00409323599878398,-0.6072888374328613,-0.6137939691543579,0.13507556915283203,18060
208,-0.21719236423990412,0.21719236423990412,1.0,2.162327935999207,30.89861848101171,-0.3209169754817606,1.0,0.5113499999677148,0.0040618352418094715,-0.8769258260726929,-0.8831220269203186,0.132172092795372,18140
209,-0.1768403465627139,0.1768403465627139,1.0,1.7355155529521635,31.078112137723256,-0.23426323322914944,1.0,0.5092471228498898,0.004030675371883467,-1.4193897247314453,-1.4262934923171997,0.1442948877811432,18220
210,-0.2124085131682474,0.2124085131682474,1.0,2.0812789988243425,31.15454360959481,-0.33682682525994134,1.0,0.5071528936095908,0.003999754541070572,-1.0699617862701416,-1.0759044885635376,0.13685454428195953,18300
211,-0.2009854827276491,0.2009854827276491,1.0,1.9786014402262346,31.065516208513976,-0.28226284308220356,1.0,0.505067276683263,0.003969070915611606,-1.126720666885376,-1.1325517892837524,0.127369225025177,18380
212,-0.21725149471065777,0.21725149471065777,1.0,2.125487268851167,31.187075548020072,-0.31483134143117747,1.0,0.5029902366536032,0.003938622675814846,-1.5001046657562256,-1.5054190158843994,0.13981470465660095,18460
213,-0.2556489206580749,0.2556489206580749,1.0,2.451237387074837,31.635760567313227,-0.3189730997088872,1.0,0.5009217382489586,0.003908408015948107,-0.8805529475212097,-0.8837559819221497,0.1416933834552765,18540
214,-0.21510948002528898,0.21510948002528898,1.0,2.1172115602583594,31.08578229735096,-0.295884899634906,1.0,0.49886174634272723,0.00387842514413166,-0.5032029151916504,-0.5083568692207336,0.13724994659423828,18620
215,-0.2029021304144995,0.2029021304144995,1.0,2.0079388904746134,30.987136978023564,-0.28570450652845325,1.0,0.49681022595276225,0.0038486722822319605,-0.6394613981246948,-0.6434249877929688,0.14103245735168457,18700
216,-0.20975444084764625,0.20975444084764625,1.0,2.031698189255618,31.33209438788269,-0.2950530781577572,1.0,0.4947671422407772,0.0038191476657561956,-0.3722819685935974,-0.3773268163204193,0.12686938047409058,18780
217,-0.1987419239118105,0.1987419239118105,1.0,1.9447377789193636,31.153582861125493,-0.2507556842637115,1.0,0.492732460511755,0.0037898495437476438,-0.8929377198219299,-0.8981570601463318,0.12122958898544312,18860
218,-0.21765850894249986,0.21765850894249986,1.0,2.1194853016524955,31.264692916965988,-0.32706231782320566,1.0,0.4907061462133582,0.003760776178681832,-0.6278144121170044,-0.6336066722869873,0.1191057562828064,18940
219,-0.25450603563693414,0.25450603563693414,1.0,2.4146126311116625,31.82992445218191,-0.4100870173761165,1.0,0.4886881649353424,0.003731925846363492,-0.617185115814209,-0.624733567237854,0.120302714407444,19020
220,-0.20070827474198347,0.20070827474198347,1.0,1.9849929256031715,30.99490023453268,-0.3945394929360703,1.0,0.4866784824089724,0.0037032968358243104,-0.0007555559277534485,-0.006709645967930555,0.12770825624465942,19100
221,-0.19830193872848034,0.19830193872848034,1.0,1.9158358784734228,31.34239976625055,-0.2971789012470565,1.0,0.4846770645064393,0.0036748874492214534,-0.36945903301239014,-0.3751286566257477,0.1328102946281433,19180
222,-0.2015820634923461,0.2015820634923461,1.0,1.9322891808498812,31.468379780344964,-0.2591173722393324,1.0,0.482683877240282,0.003646696001736883,-1.5532004833221436,-1.5585203170776367,0.11708441376686096,19260
223,-0.1872508429021166,0.1872508429021166,1.0,1.8611494799505148,30.912206325414086,-0.33004546700462445,1.0,0.4806988867628091,0.003618720821477433,-1.1084650754928589,-1.113412857055664,0.1241721361875534,19340
224,-0.18965934238430776,0.18965934238430776,1.0,1.883231855671826,30.92763884482084,-0.31207750988058836,1.0,0.47872205936552487,0.0035909602493756627,-0.17664393782615662,-0.18255357444286346,0.12215863168239594,19420
225,-0.21769824871761562,0.21769824871761562,1.0,2.1032282629521575,31.39303480368281,-0.2950159048538012,1.0,0.4767533614785562,0.003563412639091462,-0.3259331285953522,-0.33063286542892456,0.12160269170999527,19500
226,-0.24649752782651346,0.24649752782651346,1.0,2.2992229125559165,32.10198794581052,-0.33899213873470857,1.0,0.47479275967008294,0.003536076356914415,-0.975749135017395,-0.9813402891159058,0.116475909948349,19580
227,-0.18137956264314045,0.18137956264314045,1.0,1.7970753302875355,30.95352176714185,-0.2491352693844281,1.0,0.47284022064577036,0.0035089497816669186,-1.6280927658081055,-1.6317378282546997,0.1210307702422142,19660
228,-0.19746346566646528,0.19746346566646528,1.0,1.9402871217328903,31.089360232179978,-0.27985288168382116,1.0,0.4708957112482029,0.003482031304608032,-0.7790296077728271,-0.7838977575302124,0.12377453595399857,19740
229,-0.17502411580272179,0.17502411580272179,1.0,1.7473521834836006,30.846935278002256,-0.22977549896890706,1.0,0.46895919845632195,0.0034553193293380725,-0.6899271607398987,-0.6943032741546631,0.11884555220603943,19820
230,-0.22664870910510485,0.22664870910510485,1.0,2.1961008323382742,31.36708069533657,-0.3217852528167968,0.9970703125,0.4670306493848647,0.0034288122717039417,-1.0842950344085693,-1.0901020765304565,0.11818661540746689,19900
231,-0.18080165326369535,0.18080165326369535,1.0,1.7829293946358677,31.01799805686464,-0.26435431490859324,1.0,0.4651100312838059,0.0034025085597051774,-0.5837833881378174,-0.5889317393302917,0.1225544884800911,19980
232,-0.18478067925505479,0.18478067925505479,1.0,1.803052328630087,31.169557776253438,-0.23698492548556088,1.0,0.4631973115378015,0.0033764066334007266,-0.22365927696228027,-0.22820451855659485,0.12004915624856949,20060
233,-0.16577472870474097,0.16577472870474097,1.0,1.6486412690954082,30.894844859521644,-0.2198691876931534,1.0,0.4612924576656348,0.0033505049448164306,0.3888776898384094,0.38518279790878296,0.1252415031194687,20140
234,-0.2246800151195319,0.2246800151195319,1.0,2.1501296671427896,31.56963135388445,-0.2987803689425993,1.0,0.45939543731966515,0.0033248019578532247,-0.8392171263694763,-0.8420723080635071,0.12088172137737274,20220
235,-0.18095491495146943,0.18095491495146943,1.0,1.7553404189079362,31.242413944492885,-0.22650728054487865,1.0,0.45750621828527827,0.003299296148196041,-1.4176673889160156,-1.4213327169418335,0.1275010108947754,20300
236,-0.20540317161734295,0.20540317161734295,1.0,1.9427426852648435,31.682284333168898,-0.2681102749311778,1.0,0.4556247684803393,0.0032739860032234046,-0.22493009269237518,-0.23004275560379028,0.12355247884988785,20380
237,-0.19756063115478154,0.19756063115478154,1.0,1.919929579927456,31.25372660705799,-0.23837961816685344,1.0,0.45375105595464815,0.0032488700219177337,-0.3324558138847351,-0.33629685640335083,0.12237295508384705,20460
238,-0.18481803049358186,0.18481803049358186,1.0,1.8410194339232184,30.879855230249508,-0.2670389547170458,1.0,0.45188504888939696,0.003223946714776315,-0.4075181484222412,-0.4122738838195801,0.12130852788686752,20540
239,-0.24922445675050703,0.24922445675050703,1.0,2.3724939773614695,31.747490530925916,-0.314358074301517,1.0,0.4500267155966292,0.0031992146037229754,-1.0728535652160645,-1.0765470266342163,0.12817490100860596,20620
240,-0.24513944208079635,0.24513944208079635,1.0,2.3750865304418722,31.412713784216045,-0.3462796401097259,1.0,0.4481760245187024,0.0031746722220204185,-0.33931124210357666,-0.34330788254737854,0.13280323147773743,20700
241,-0.216920027379889,0.216920027379889,1.0,2.0660621161665054,31.619472333633276,-0.3085505246740055,1.0,0.4463329442277516,0.003150318114183245,-0.4541594088077545,-0.45777347683906555,0.12749019265174866,20780
242,-0.21000638213231337,0.21000638213231337,1.0,2.0790506551805006,30.986603344935013,-0.2614143281662341,1.0,0.44449744342515596,0.0031261508358916322,0.46248218417167664,0.4580603241920471,0.12261289358139038,20860
243,-0.18147916358421895,0.18147916358421895,1.0,1.7836810852458478,31.064415486790928,-0.24346964861591774,1.0,0.4426694909410071,0.0031021689539056803,-1.1504261493682861,-1.1543116569519043,0.12024113535881042,20940
244,-0.2113252054820236,0.2113252054820236,1.0,2.1007135028175936,30.921296543885866,-0.30484711397127706,1.0,0.44084905573357996,0.0030783710459804116,-0.686416506767273,-0.6900976896286011,0.12707875669002533,21020
245,-0.23942039973942192,0.23942039973942192,1.0,2.335496935434671,31.27707884201589,-0.3230011235632042,1.0,0.4390361068888054,0.0030547557007814274,-1.3280165195465088,-1.33297860622406,0.12603963911533356,21100
246,-0.21081640377577437,0.21081640377577437,1.0,2.0609096426820575,31.18882266594564,-0.28084620891447043,1.0,0.4372306136197455,0.0030313215178012064,-0.2372339963912964,-0.2412673830986023,0.1136518269777298,21180
247,-0.23993354335520767,0.23993354335520767,1.0,2.271584385799337,31.809143402047987,-0.405591144224951,1.0,0.4354325452660707,0.0030080671072760497,-0.17802171409130096,-0.18214547634124756,0.11649013310670853,21260
248,-0.17091085689822452,0.17091085689822452,1.0,1.6920970877746246,30.95576568818802,-0.25485660917207154,1.0,0.43364187129353887,0.002984991090103659,-0.7494660019874573,-0.7537992596626282,0.11378535628318787,21340
249,-0.17490567886407687,0.17490567886407687,1.0,1.7266799926974055,30.997111705390118,-0.3097798334688055,1.0,0.43185856129347705,0.00296209209776135,-0.511507511138916,-0.5150071382522583,0.11111106723546982,21420
250,-0.18978563768950701,0.18978563768950701,1.0,1.84499910942932,31.231999342362673,-0.26275585807169344,1.0,0.4300825849822651,0.002939368772224893,-0.7150757908821106,-0.7189450860023499,0.11312325298786163,21500
251,-0.20424620418140121,0.20424620418140121,1.0,2.0324494788127,30.90183084805156,-0.2610345822203607,1.0,0.42831391220082116,0.002916819765887972,-0.49897414445877075,-0.5020570158958435,0.1220444068312645,21580
252,-0.19988112209562905,0.19988112209562905,1.0,1.963054505132913,31.10021961699806,-0.2506935896686168,1.0,0.4265525129140898,0.00289444374148227,-0.6860222816467285,-0.689063549041748,0.1271699070930481,21660
253,-0.17828385120026946,0.17828385120026946,1.0,1.7674516572508434,30.94324604363861,-0.21622220648270302,1.0,0.42479835721053166,0.002872239371998157,-0.807525098323822,-0.8105880618095398,0.11901432275772095,21740
254,-0.1996553919853925,0.1996553919853925,1.0,1.9581296311090846,31.120776382319562,-0.24467721262540243,1.0,0.4230514153016158,0.0028502053406059963,-1.5939592123031616,-1.596800684928894,0.12322111427783966,21820
255,-0.1685210468467634,0.1685210468467634,1.0,1.679393879980168,30.869495963152197,-0.21970366101888744,1.0,0.4213116575213138,0.002828340340578047,-0.22800183296203613,-0.23078761994838715,0.13112595677375793,21900
256,-0.1975940403781946,0.1975940403781946,1.0,1.9645821332461098,30.91220109651075,-0.26328047542157673,1.0,0.41957905432559567,0.00280664307521097,-0.7158321142196655,-0.7192132472991943,0.12883983552455902,21980
257,-0.17155384693718465,0.17155384693718465,1.0,1.6310947837694103,31.475409589842087,-0.23867955912029598,1.0,0.41785357629192854,0.002785112257748926,-0.03862139582633972,-0.04236549884080887,0.1164141595363617,22060
258,-0.21770459721370705,0.21770459721370705,1.0,2.148624226004064,31.043695107638975,-0.27948485092401065,1.0,0.4161351941187768,0.0027637466113072653,-0.22989952564239502,-0.23340441286563873,0.12344209104776382,22140
259,-0.1797623329496142,0.1797623329496142,1.0,1.7639847523544403,31.08389688428202,-0.22791905263663323,1.0,0.41442387862510455,0.0027425448687968014,-0.9427074790000916,-0.9457411170005798,0.14401963353157043,22220
260,-0.23567245880232462,0.23567245880232462,1.0,2.1790652990946104,32.1937446975579,-0.3423555767452998,1.0,0.41271960074988,0.002721505772848667,-0.7466456890106201,-0.7489463090896606,0.1388649046421051,22300
261,-0.16885042339688588,0.16885042339688588,1.0,1.6725428354785865,30.94767357426116,-0.21835418932932618,1.0,0.41102233155158213,0.0027006280757397466,-1.034951090812683,-1.0371630191802979,0.12548525631427765,22380
262,-0.21053055669234788,0.21053055669234788,1.0,2.0339127812889,31.374837160981734,-0.42823694908221427,1.0,0.409332042207709,0.002679910539318678,-0.003680408000946045,-0.006787004880607128,0.12843234837055206,22460
263,-0.21758653801568015,0.21758653801568015,1.0,2.152238336792654,31.006746322167068,-0.3178355402654294,1.0,0.4076487040142886,0.002659351934932425,-0.5340228080749512,-0.5373222231864929,0.1395176202058792,22540
264,-0.18950236496894657,0.18950236496894657,1.0,1.8879541739887693,30.879150922613466,-0.2988533852388689,1.0,0.40597228838539096,0.0026389510433534125,-0.5162596702575684,-0.5198567509651184,0.1216030865907669,22620
265,-0.220009469312971,0.220009469312971,1.0,2.075520082544441,31.78466524331245,-0.2823930834919926,1.0,0.4043027668526431,0.0026187066547072213,-0.5859997868537903,-0.5887769460678101,0.1232336163520813,22700
266,-0.20064168415203576,0.20064168415203576,1.0,1.9807835729843484,31.022206630565098,-0.30056262526930877,1.0,0.40264011106474545,0.002598617568400832,1.1823359727859497,1.1796748638153076,0.12982963025569916,22780
267,-0.22312011912104213,0.22312011912104213,1.0,2.0981446289879306,31.85002858834861,-0.38670095567011575,1.0,0.4009842927869904,0.0025786825930514306,1.40033757686615,1.3977761268615723,0.12794896960258484,22860
268,-0.2354079620961986,0.2354079620961986,1.0,2.2436964590136776,31.675303554694718,-0.3803952654521019,1.0,0.39933528390078277,0.002558900546415748,-0.10965757071971893,-0.11262629926204681,0.1249510645866394,22940
269,-0.18234056102706325,0.18234056102706325,1.0,1.7724444769049685,31.217387414268806,-0.23968472075148392,1.0,0.39769305640316244,0.0025392702553199476,-0.9037761092185974,-0.9068869352340698,0.1270395815372467,23020
270,-0.1907277390354276,0.1907277390354276,1.0,1.8796097278106876,31.037884012746034,-0.2532220179370541,1.0,0.39605758240632877,0.0025197905555900553,-0.8399139642715454,-0.8422070145606995,0.13167804479599,23100
271,-0.2215169312403382,0.2215169312403382,1.0,2.1485978975201983,31.337682867553823,-0.3148717513829763,1.0,0.3944288341371668,0.0025004602919829117,-0.0530126690864563,-0.05625905469059944,0.1275823563337326,23180
272,-0.17487149790490042,0.17487149790490042,1.0,1.7046186254913431,31.164486267176827,-0.23587014392525119,1.0,0.392806783936776,0.0024812783181176645,-1.0913275480270386,-1.0938152074813843,0.12930195033550262,23260
273,-0.27521603785605936,0.27521603785605936,1.0,2.581526323601121,32.13960706372949,-0.46807763519798185,1.0,0.39119140426000026,0.002462243496407781,-0.7830730676651001,-0.7870578765869141,0.13047657907009125,23340
274,-0.2084800305725615,0.2084800305725615,1.0,2.0296362462214494,31.249775869556245,-0.25934475135997404,1.0,0.38958266767496036,0.0024433546979935844,-0.020526953041553497,-0.022569557651877403,0.141738161444664,23420
275,-0.19342453219491967,0.19342453219491967,1.0,1.9178249196389103,30.951210734851514,-0.3900483800485949,1.0,0.387980546862588,0.0024246108026753053,0.5762790441513062,0.5739473104476929,0.14942269027233124,23500
276,-0.2135764844667839,0.2135764844667839,1.0,2.069180410865065,31.337783193536524,-0.29169096445437215,1.0,0.3863850146161616,0.0024060106988466486,-0.04730752110481262,-0.04945066198706627,0.13608941435813904,23580
277,-0.23403249231479034,0.23403249231479034,1.0,2.299306519913583,31.140767064616675,-0.3140548929907113,1.0,0.38479604384084504,0.002387553283428873,-0.545769214630127,-0.5480517148971558,0.1434098482131958,23660
278,-0.23097601942522128,0.23097601942522128,1.0,2.210606271155532,31.58876915259657,-0.3668848062910177,1.0,0.3832136075532267,0.0023692374618053675,-0.9658932685852051,-0.9682078957557678,0.14746427536010742,23740
279,-0.22333346194589787,0.22333346194589787,1.0,2.1311718588398323,31.611955760296105,-0.3249728570703032,1.0,0.3816376788808619,0.002351062147756739,-1.022788166999817,-1.025213360786438,0.12726663053035736,23820
280,-0.19316504311637203,0.19316504311637203,1.0,1.8831110492942171,31.198724990170476,-0.3009996837992549,1.0,0.38006823106181603,0.0023330262633963926,-0.5711140632629395,-0.5744524002075195,0.1183479055762291,23900
281,-0.19698788978295104,0.19698788978295104,1.0,1.9402053910839168,31.05334138532631,-0.2655273333428702,1.0,0.37850523744421044,0.0023151287391066084,-0.9319157600402832,-0.9342057704925537,0.12617941200733185,23980
282,-0.20823640087576908,0.20823640087576908,1.0,2.0644782279801674,30.962503187633516,-0.29289127864542397,1.0,0.3769486714857698,0.002297368513475107,-0.7758952379226685,-0.7785710692405701,0.12773579359054565,24060
283,-0.1998971429685759,0.1998971429685759,1.0,1.887442086101634,31.684136223040433,-0.27853409420472564,1.0,0.3753985067533712,0.002279744533232104,-0.6169358491897583,-0.6198062300682068,0.11672560125589371,24140
284,-0.1972598964572552,0.1972598964572552,1.0,1.9411309411527171,31.067170232455883,-0.24573366405501545,1.0,0.3738547169225954,0.0022622557531878427,-1.6161677837371826,-1.618504285812378,0.11876369267702103,24220
285,-0.2101846231206903,0.2101846231206903,1.0,2.0536859724880636,31.19580340344516,-0.34216205765526697,1.0,0.3723172757772798,0.002244901136170613,-0.25090110301971436,-0.2540609836578369,0.12677879631519318,24300
286,-0.223756259890679,0.223756259890679,1.0,2.1320964685750465,31.6374120825603,-0.3064554947534471,1.0,0.37078615720907326,0.002227679652965239,-0.19031056761741638,-0.19329002499580383,0.12728852033615112,24380
287,-0.22686042436570392,0.22686042436570392,1.0,2.235723728453306,31.07805513156643,-0.3165653793876759,1.0,0.3692613352169925,0.002210590282252043,-0.6520058512687683,-0.6547272801399231,0.13007667660713196,24460
288,-0.23293177271768895,0.23293177271768895,1.0,2.225258250471729,31.626572173271356,-0.3032654037717806,1.0,0.36774278390698106,0.002193632010546276,-0.8251493573188782,-0.827690839767456,0.1344979703426361,24540
289,-0.21846111562720813,0.21846111562720813,1.0,2.0972588871312032,31.497823623489175,-0.30704580501436674,1.0,0.366230477491469,0.0021768038321380123,-1.1324479579925537,-1.1351542472839355,0.1314631551504135,24620
290,-0.17918954731779987,0.17918954731779987,1.0,1.7491912493565056,31.153758281428722,-0.27456902651876347,1.0,0.36472439028893533,0.002160104749032506,0.08053267002105713,0.07819951325654984,0.13547979295253754,24700
291,-0.28060977180847246,0.28060977180847246,1.0,2.545724192107113,32.83115451158103,-0.36712458990290575,0.9873046875,0.36322449672347185,0.002143533770891006,-0.32126426696777344,-0.32334375381469727,0.143219456076622,24780
292,-0.1869669244561949,0.1869669244561949,1.0,1.827651869809785,31.148465307048944,-0.2723726119479033,1.0,0.3617307713243489,0.0021270899149720226,-1.3738795518875122,-1.376067876815796,0.14269903302192688,24860
293,-0.20848408892866763,0.20848408892866763,1.0,2.0361893866750767,31.199589011455295,-0.2830176229664115,1.0,0.3602431887255825,0.0021107722060730474,-0.28565871715545654,-0.28863057494163513,0.1377405822277069,24940
294,-0.21600583457922368,0.21600583457922368,1.0,2.080801966462393,31.43543533577823,-0.3100276140854788,1.0,0.3587617236655039,0.002094579676472717,-1.1605608463287354,-1.162999153137207,0.15672463178634644,25020
295,-0.22065277228044433,0.22065277228044433,1.0,2.0614215338631308,31.942885037249233,-0.34189656912716226,1.0,0.3572863509863305,0.002078511365873425,0.7209025621414185,0.7188335061073303,0.13451845943927765,25100
296,-0.21570702099867053,0.21570702099867053,1.0,2.1107545623876565,31.181588520097886,-0.29909767963291656,1.0,0.3558170456337387,0.0020625663213443696,-0.5266827940940857,-0.5294687747955322,0.11733045428991318,25180
297,-0.23101262359465413,0.23101262359465413,1.0,2.235797364545486,31.39746313142087,-0.3266068873204783,1.0,0.35435378265643835,0.0020467435972650397,-0.3301021456718445,-0.3325524628162384,0.12228215485811234,25260
298,-0.1977137946191816,0.1977137946191816,1.0,1.9613124355814384,30.94662639941748,-0.24376466196093574,1.0,0.35289653720574893,0.0020310422552691364,-1.6120885610580444,-1.6144949197769165,0.12412649393081665,25340
299,-0.2404377719008896,0.2404377719008896,1.0,2.2726884416204642,31.839492061592306,-0.3247045183905728,1.0,0.3514452845351779,0.0020154613641889226,-1.297410488128662,-1.2997863292694092,0.12483128905296326,25420
300,-0.22254686228945275,0.22254686228945275,1.0,2.154399346234484,31.37234414644579,-0.3245805872649954,1.0,0.35000000000000003,0.002,-0.48592934012413025,-0.48819366097450256,0.1198706179857254,25500
